#term ID	term description	observed gene count	background gene count	strength	false discovery rate	matching proteins in your network (IDs)	matching proteins in your network (labels)
GO:0050896	Response to stimulus	50	7835	0.34	1.35e-09	9606.ENSP00000013125,9606.ENSP00000188790,9606.ENSP00000233154,9606.ENSP00000243924,9606.ENSP00000249647,9606.ENSP00000262320,9606.ENSP00000263851,9606.ENSP00000264914,9606.ENSP00000265071,9606.ENSP00000265598,9606.ENSP00000266031,9606.ENSP00000269202,9606.ENSP00000277120,9606.ENSP00000284240,9606.ENSP00000288135,9606.ENSP00000293328,9606.ENSP00000297785,9606.ENSP00000300026,9606.ENSP00000301838,9606.ENSP00000302111,9606.ENSP00000303208,9606.ENSP00000303507,9606.ENSP00000313391,9606.ENSP00000316338,9606.ENSP00000317272,9606.ENSP00000327290,9606.ENSP00000331201,9606.ENSP00000339186,9606.ENSP00000339477,9606.ENSP00000341141,9606.ENSP00000345492,9606.ENSP00000346300,9606.ENSP00000361761,9606.ENSP00000370373,9606.ENSP00000389377,9606.ENSP00000397297,9606.ENSP00000403644,9606.ENSP00000404131,9606.ENSP00000420321,9606.ENSP00000422464,9606.ENSP00000423602,9606.ENSP00000426632,9606.ENSP00000431775,9606.ENSP00000433112,9606.ENSP00000444810,9606.ENSP00000462468,9606.ENSP00000469413,9606.ENSP00000471477,9606.ENSP00000495951,9606.ENSP00000496959	MAP4K5,FAP,NCK2,PI3,SNAP23,AXIN1,IL7,ARSB,CDH6,LAMP3,HYAL1,MEP1B,NTRK2,THY1,KIT,STAT5B,ALDH1A1,PPIB,FADD,MGMT,PCSK9,BCR,DAB2,BAIAP2,MET,ITGA11,HGS,GRAP2,ICOSLG,SIGLEC1,SH2B3,CRKL,WFDC2,FKBP1B,NFATC1,NTF3,DDC,TGFA,ROBO1,PDGFC,DAPP1,ERBIN,IL32,DKK3,FKBP5,YES1,PAK4,FGF21,KITLG,ITGAM
GO:0065009	Regulation of molecular function	33	3085	0.57	3.43e-09	9606.ENSP00000233154,9606.ENSP00000243924,9606.ENSP00000262320,9606.ENSP00000263851,9606.ENSP00000264072,9606.ENSP00000265598,9606.ENSP00000277120,9606.ENSP00000284240,9606.ENSP00000288135,9606.ENSP00000297785,9606.ENSP00000301838,9606.ENSP00000302111,9606.ENSP00000303208,9606.ENSP00000303507,9606.ENSP00000313391,9606.ENSP00000317272,9606.ENSP00000331201,9606.ENSP00000337675,9606.ENSP00000345492,9606.ENSP00000346300,9606.ENSP00000361761,9606.ENSP00000370115,9606.ENSP00000370373,9606.ENSP00000397297,9606.ENSP00000404131,9606.ENSP00000420321,9606.ENSP00000422464,9606.ENSP00000426632,9606.ENSP00000431775,9606.ENSP00000433112,9606.ENSP00000471477,9606.ENSP00000495951,9606.ENSP00000496959	NCK2,PI3,AXIN1,IL7,FCER2,LAMP3,NTRK2,THY1,KIT,ALDH1A1,FADD,MGMT,PCSK9,BCR,DAB2,MET,HGS,EBAG9,SH2B3,CRKL,WFDC2,SERPINB1,FKBP1B,NTF3,TGFA,ROBO1,PDGFC,ERBIN,IL32,DKK3,FGF21,KITLG,ITGAM
GO:0050790	Regulation of catalytic activity	28	2370	0.61	4.38e-08	9606.ENSP00000233154,9606.ENSP00000243924,9606.ENSP00000262320,9606.ENSP00000263851,9606.ENSP00000264072,9606.ENSP00000265598,9606.ENSP00000277120,9606.ENSP00000284240,9606.ENSP00000288135,9606.ENSP00000297785,9606.ENSP00000301838,9606.ENSP00000302111,9606.ENSP00000303507,9606.ENSP00000313391,9606.ENSP00000317272,9606.ENSP00000331201,9606.ENSP00000337675,9606.ENSP00000345492,9606.ENSP00000346300,9606.ENSP00000361761,9606.ENSP00000370115,9606.ENSP00000370373,9606.ENSP00000397297,9606.ENSP00000404131,9606.ENSP00000420321,9606.ENSP00000422464,9606.ENSP00000495951,9606.ENSP00000496959	NCK2,PI3,AXIN1,IL7,FCER2,LAMP3,NTRK2,THY1,KIT,ALDH1A1,FADD,MGMT,BCR,DAB2,MET,HGS,EBAG9,SH2B3,CRKL,WFDC2,SERPINB1,FKBP1B,NTF3,TGFA,ROBO1,PDGFC,KITLG,ITGAM
GO:0007166	Cell surface receptor signaling pathway	26	2040	0.64	5.19e-08	9606.ENSP00000233154,9606.ENSP00000262320,9606.ENSP00000263851,9606.ENSP00000265071,9606.ENSP00000277120,9606.ENSP00000284240,9606.ENSP00000288135,9606.ENSP00000293328,9606.ENSP00000301838,9606.ENSP00000313391,9606.ENSP00000316338,9606.ENSP00000317272,9606.ENSP00000327290,9606.ENSP00000339477,9606.ENSP00000345492,9606.ENSP00000346300,9606.ENSP00000397297,9606.ENSP00000404131,9606.ENSP00000420321,9606.ENSP00000422464,9606.ENSP00000426632,9606.ENSP00000433112,9606.ENSP00000462468,9606.ENSP00000471477,9606.ENSP00000495951,9606.ENSP00000496959	NCK2,AXIN1,IL7,CDH6,NTRK2,THY1,KIT,STAT5B,FADD,DAB2,BAIAP2,MET,ITGA11,ICOSLG,SH2B3,CRKL,NTF3,TGFA,ROBO1,PDGFC,ERBIN,DKK3,YES1,FGF21,KITLG,ITGAM
GO:0007169	Transmembrane receptor protein tyrosine kinase signaling pathway	14	425	1.06	5.88e-08	9606.ENSP00000233154,9606.ENSP00000277120,9606.ENSP00000288135,9606.ENSP00000293328,9606.ENSP00000316338,9606.ENSP00000317272,9606.ENSP00000345492,9606.ENSP00000346300,9606.ENSP00000397297,9606.ENSP00000404131,9606.ENSP00000422464,9606.ENSP00000426632,9606.ENSP00000462468,9606.ENSP00000471477	NCK2,NTRK2,KIT,STAT5B,BAIAP2,MET,SH2B3,CRKL,NTF3,TGFA,PDGFC,ERBIN,YES1,FGF21
GO:0048583	Regulation of response to stimulus	34	3931	0.48	1.72e-07	9606.ENSP00000188790,9606.ENSP00000233154,9606.ENSP00000262320,9606.ENSP00000263851,9606.ENSP00000264072,9606.ENSP00000277120,9606.ENSP00000284240,9606.ENSP00000288135,9606.ENSP00000293328,9606.ENSP00000301838,9606.ENSP00000302111,9606.ENSP00000303208,9606.ENSP00000303507,9606.ENSP00000313391,9606.ENSP00000316338,9606.ENSP00000317272,9606.ENSP00000331201,9606.ENSP00000339186,9606.ENSP00000339477,9606.ENSP00000345492,9606.ENSP00000346300,9606.ENSP00000370373,9606.ENSP00000389377,9606.ENSP00000397297,9606.ENSP00000404131,9606.ENSP00000420321,9606.ENSP00000422464,9606.ENSP00000426632,9606.ENSP00000433112,9606.ENSP00000462468,9606.ENSP00000469413,9606.ENSP00000471477,9606.ENSP00000495951,9606.ENSP00000496959	FAP,NCK2,AXIN1,IL7,FCER2,NTRK2,THY1,KIT,STAT5B,FADD,MGMT,PCSK9,BCR,DAB2,BAIAP2,MET,HGS,GRAP2,ICOSLG,SH2B3,CRKL,FKBP1B,NFATC1,NTF3,TGFA,ROBO1,PDGFC,ERBIN,DKK3,YES1,PAK4,FGF21,KITLG,ITGAM
GO:0048584	Positive regulation of response to stimulus	25	2131	0.61	5.27e-07	9606.ENSP00000233154,9606.ENSP00000262320,9606.ENSP00000263851,9606.ENSP00000264072,9606.ENSP00000277120,9606.ENSP00000284240,9606.ENSP00000288135,9606.ENSP00000293328,9606.ENSP00000301838,9606.ENSP00000302111,9606.ENSP00000313391,9606.ENSP00000316338,9606.ENSP00000317272,9606.ENSP00000339477,9606.ENSP00000346300,9606.ENSP00000370373,9606.ENSP00000397297,9606.ENSP00000404131,9606.ENSP00000420321,9606.ENSP00000422464,9606.ENSP00000426632,9606.ENSP00000462468,9606.ENSP00000471477,9606.ENSP00000495951,9606.ENSP00000496959	NCK2,AXIN1,IL7,FCER2,NTRK2,THY1,KIT,STAT5B,FADD,MGMT,DAB2,BAIAP2,MET,ICOSLG,CRKL,FKBP1B,NTF3,TGFA,ROBO1,PDGFC,ERBIN,YES1,FGF21,KITLG,ITGAM
GO:0051239	Regulation of multicellular organismal process	28	2749	0.55	5.54e-07	9606.ENSP00000188790,9606.ENSP00000263851,9606.ENSP00000264914,9606.ENSP00000266031,9606.ENSP00000277120,9606.ENSP00000284240,9606.ENSP00000288135,9606.ENSP00000293328,9606.ENSP00000297785,9606.ENSP00000300026,9606.ENSP00000301838,9606.ENSP00000303208,9606.ENSP00000303507,9606.ENSP00000313391,9606.ENSP00000316338,9606.ENSP00000317272,9606.ENSP00000331201,9606.ENSP00000339477,9606.ENSP00000345492,9606.ENSP00000370115,9606.ENSP00000370373,9606.ENSP00000420321,9606.ENSP00000422464,9606.ENSP00000426632,9606.ENSP00000431775,9606.ENSP00000469413,9606.ENSP00000471477,9606.ENSP00000495951	FAP,IL7,ARSB,HYAL1,NTRK2,THY1,KIT,STAT5B,ALDH1A1,PPIB,FADD,PCSK9,BCR,DAB2,BAIAP2,MET,HGS,ICOSLG,SH2B3,SERPINB1,FKBP1B,ROBO1,PDGFC,ERBIN,IL32,PAK4,FGF21,KITLG
GO:0007154	Cell communication	37	5165	0.39	1.86e-06	9606.ENSP00000013125,9606.ENSP00000233154,9606.ENSP00000249647,9606.ENSP00000262320,9606.ENSP00000263851,9606.ENSP00000265071,9606.ENSP00000277120,9606.ENSP00000284240,9606.ENSP00000288135,9606.ENSP00000293328,9606.ENSP00000301838,9606.ENSP00000303208,9606.ENSP00000303507,9606.ENSP00000313391,9606.ENSP00000316338,9606.ENSP00000317272,9606.ENSP00000327290,9606.ENSP00000331201,9606.ENSP00000339186,9606.ENSP00000339477,9606.ENSP00000345492,9606.ENSP00000346300,9606.ENSP00000370373,9606.ENSP00000389377,9606.ENSP00000397297,9606.ENSP00000404131,9606.ENSP00000420321,9606.ENSP00000422464,9606.ENSP00000423602,9606.ENSP00000426632,9606.ENSP00000431775,9606.ENSP00000433112,9606.ENSP00000462468,9606.ENSP00000469413,9606.ENSP00000471477,9606.ENSP00000495951,9606.ENSP00000496959	MAP4K5,NCK2,SNAP23,AXIN1,IL7,CDH6,NTRK2,THY1,KIT,STAT5B,FADD,PCSK9,BCR,DAB2,BAIAP2,MET,ITGA11,HGS,GRAP2,ICOSLG,SH2B3,CRKL,FKBP1B,NFATC1,NTF3,TGFA,ROBO1,PDGFC,DAPP1,ERBIN,IL32,DKK3,YES1,PAK4,FGF21,KITLG,ITGAM
GO:0051716	Cellular response to stimulus	41	6357	0.35	1.86e-06	9606.ENSP00000013125,9606.ENSP00000233154,9606.ENSP00000262320,9606.ENSP00000263851,9606.ENSP00000265071,9606.ENSP00000266031,9606.ENSP00000277120,9606.ENSP00000284240,9606.ENSP00000288135,9606.ENSP00000293328,9606.ENSP00000297785,9606.ENSP00000300026,9606.ENSP00000301838,9606.ENSP00000302111,9606.ENSP00000303208,9606.ENSP00000303507,9606.ENSP00000313391,9606.ENSP00000316338,9606.ENSP00000317272,9606.ENSP00000327290,9606.ENSP00000331201,9606.ENSP00000339186,9606.ENSP00000339477,9606.ENSP00000345492,9606.ENSP00000346300,9606.ENSP00000370373,9606.ENSP00000389377,9606.ENSP00000397297,9606.ENSP00000403644,9606.ENSP00000404131,9606.ENSP00000420321,9606.ENSP00000422464,9606.ENSP00000423602,9606.ENSP00000426632,9606.ENSP00000431775,9606.ENSP00000433112,9606.ENSP00000462468,9606.ENSP00000469413,9606.ENSP00000471477,9606.ENSP00000495951,9606.ENSP00000496959	MAP4K5,NCK2,AXIN1,IL7,CDH6,HYAL1,NTRK2,THY1,KIT,STAT5B,ALDH1A1,PPIB,FADD,MGMT,PCSK9,BCR,DAB2,BAIAP2,MET,ITGA11,HGS,GRAP2,ICOSLG,SH2B3,CRKL,FKBP1B,NFATC1,NTF3,DDC,TGFA,ROBO1,PDGFC,DAPP1,ERBIN,IL32,DKK3,YES1,PAK4,FGF21,KITLG,ITGAM
GO:0007165	Signal transduction	35	4714	0.41	2.93e-06	9606.ENSP00000013125,9606.ENSP00000233154,9606.ENSP00000262320,9606.ENSP00000263851,9606.ENSP00000265071,9606.ENSP00000277120,9606.ENSP00000284240,9606.ENSP00000288135,9606.ENSP00000293328,9606.ENSP00000301838,9606.ENSP00000303507,9606.ENSP00000313391,9606.ENSP00000316338,9606.ENSP00000317272,9606.ENSP00000327290,9606.ENSP00000331201,9606.ENSP00000339186,9606.ENSP00000339477,9606.ENSP00000345492,9606.ENSP00000346300,9606.ENSP00000370373,9606.ENSP00000389377,9606.ENSP00000397297,9606.ENSP00000404131,9606.ENSP00000420321,9606.ENSP00000422464,9606.ENSP00000423602,9606.ENSP00000426632,9606.ENSP00000431775,9606.ENSP00000433112,9606.ENSP00000462468,9606.ENSP00000469413,9606.ENSP00000471477,9606.ENSP00000495951,9606.ENSP00000496959	MAP4K5,NCK2,AXIN1,IL7,CDH6,NTRK2,THY1,KIT,STAT5B,FADD,BCR,DAB2,BAIAP2,MET,ITGA11,HGS,GRAP2,ICOSLG,SH2B3,CRKL,FKBP1B,NFATC1,NTF3,TGFA,ROBO1,PDGFC,DAPP1,ERBIN,IL32,DKK3,YES1,PAK4,FGF21,KITLG,ITGAM
GO:0048519	Negative regulation of biological process	37	5313	0.38	3.40e-06	9606.ENSP00000188790,9606.ENSP00000233154,9606.ENSP00000243924,9606.ENSP00000262320,9606.ENSP00000263851,9606.ENSP00000265598,9606.ENSP00000266031,9606.ENSP00000277120,9606.ENSP00000284240,9606.ENSP00000288135,9606.ENSP00000293328,9606.ENSP00000297785,9606.ENSP00000301838,9606.ENSP00000302111,9606.ENSP00000303208,9606.ENSP00000303507,9606.ENSP00000313391,9606.ENSP00000317272,9606.ENSP00000331201,9606.ENSP00000339477,9606.ENSP00000345492,9606.ENSP00000346300,9606.ENSP00000361761,9606.ENSP00000370115,9606.ENSP00000370373,9606.ENSP00000389377,9606.ENSP00000397297,9606.ENSP00000404131,9606.ENSP00000420321,9606.ENSP00000426632,9606.ENSP00000431775,9606.ENSP00000433112,9606.ENSP00000462468,9606.ENSP00000469413,9606.ENSP00000471477,9606.ENSP00000495951,9606.ENSP00000496959	FAP,NCK2,PI3,AXIN1,IL7,LAMP3,HYAL1,NTRK2,THY1,KIT,STAT5B,ALDH1A1,FADD,MGMT,PCSK9,BCR,DAB2,MET,HGS,ICOSLG,SH2B3,CRKL,WFDC2,SERPINB1,FKBP1B,NFATC1,NTF3,TGFA,ROBO1,ERBIN,IL32,DKK3,YES1,PAK4,FGF21,KITLG,ITGAM
GO:0023052	Signaling	36	5057	0.39	3.67e-06	9606.ENSP00000013125,9606.ENSP00000233154,9606.ENSP00000249647,9606.ENSP00000262320,9606.ENSP00000263851,9606.ENSP00000265071,9606.ENSP00000277120,9606.ENSP00000284240,9606.ENSP00000288135,9606.ENSP00000293328,9606.ENSP00000301838,9606.ENSP00000303507,9606.ENSP00000313391,9606.ENSP00000316338,9606.ENSP00000317272,9606.ENSP00000327290,9606.ENSP00000331201,9606.ENSP00000339186,9606.ENSP00000339477,9606.ENSP00000345492,9606.ENSP00000346300,9606.ENSP00000370373,9606.ENSP00000389377,9606.ENSP00000397297,9606.ENSP00000404131,9606.ENSP00000420321,9606.ENSP00000422464,9606.ENSP00000423602,9606.ENSP00000426632,9606.ENSP00000431775,9606.ENSP00000433112,9606.ENSP00000462468,9606.ENSP00000469413,9606.ENSP00000471477,9606.ENSP00000495951,9606.ENSP00000496959	MAP4K5,NCK2,SNAP23,AXIN1,IL7,CDH6,NTRK2,THY1,KIT,STAT5B,FADD,BCR,DAB2,BAIAP2,MET,ITGA11,HGS,GRAP2,ICOSLG,SH2B3,CRKL,FKBP1B,NFATC1,NTF3,TGFA,ROBO1,PDGFC,DAPP1,ERBIN,IL32,DKK3,YES1,PAK4,FGF21,KITLG,ITGAM
GO:0051246	Regulation of protein metabolic process	26	2622	0.53	3.67e-06	9606.ENSP00000233154,9606.ENSP00000243924,9606.ENSP00000262320,9606.ENSP00000263851,9606.ENSP00000265598,9606.ENSP00000277120,9606.ENSP00000284240,9606.ENSP00000288135,9606.ENSP00000301838,9606.ENSP00000302111,9606.ENSP00000303208,9606.ENSP00000313391,9606.ENSP00000331201,9606.ENSP00000337675,9606.ENSP00000345492,9606.ENSP00000346300,9606.ENSP00000361761,9606.ENSP00000370115,9606.ENSP00000370373,9606.ENSP00000397297,9606.ENSP00000404131,9606.ENSP00000420321,9606.ENSP00000422464,9606.ENSP00000462468,9606.ENSP00000471477,9606.ENSP00000495951	NCK2,PI3,AXIN1,IL7,LAMP3,NTRK2,THY1,KIT,FADD,MGMT,PCSK9,DAB2,HGS,EBAG9,SH2B3,CRKL,WFDC2,SERPINB1,FKBP1B,NTF3,TGFA,ROBO1,PDGFC,YES1,FGF21,KITLG
GO:0043405	Regulation of MAP kinase activity	9	185	1.23	4.14e-06	9606.ENSP00000262320,9606.ENSP00000288135,9606.ENSP00000331201,9606.ENSP00000345492,9606.ENSP00000397297,9606.ENSP00000404131,9606.ENSP00000420321,9606.ENSP00000422464,9606.ENSP00000495951	AXIN1,KIT,HGS,SH2B3,NTF3,TGFA,ROBO1,PDGFC,KITLG
GO:0050730	Regulation of peptidyl-tyrosine phosphorylation	10	259	1.13	4.20e-06	9606.ENSP00000233154,9606.ENSP00000263851,9606.ENSP00000284240,9606.ENSP00000288135,9606.ENSP00000345492,9606.ENSP00000397297,9606.ENSP00000404131,9606.ENSP00000422464,9606.ENSP00000462468,9606.ENSP00000495951	NCK2,IL7,THY1,KIT,SH2B3,NTF3,TGFA,PDGFC,YES1,KITLG
GO:0043408	Regulation of MAPK cascade	14	668	0.86	5.07e-06	9606.ENSP00000262320,9606.ENSP00000277120,9606.ENSP00000288135,9606.ENSP00000313391,9606.ENSP00000339186,9606.ENSP00000345492,9606.ENSP00000346300,9606.ENSP00000397297,9606.ENSP00000404131,9606.ENSP00000420321,9606.ENSP00000422464,9606.ENSP00000469413,9606.ENSP00000471477,9606.ENSP00000495951	AXIN1,NTRK2,KIT,DAB2,GRAP2,SH2B3,CRKL,NTF3,TGFA,ROBO1,PDGFC,PAK4,FGF21,KITLG
GO:0019220	Regulation of phosphate metabolic process	19	1405	0.67	6.58e-06	9606.ENSP00000233154,9606.ENSP00000262320,9606.ENSP00000263851,9606.ENSP00000277120,9606.ENSP00000284240,9606.ENSP00000288135,9606.ENSP00000313391,9606.ENSP00000317272,9606.ENSP00000331201,9606.ENSP00000345492,9606.ENSP00000346300,9606.ENSP00000370373,9606.ENSP00000397297,9606.ENSP00000404131,9606.ENSP00000420321,9606.ENSP00000422464,9606.ENSP00000462468,9606.ENSP00000471477,9606.ENSP00000495951	NCK2,AXIN1,IL7,NTRK2,THY1,KIT,DAB2,MET,HGS,SH2B3,CRKL,FKBP1B,NTF3,TGFA,ROBO1,PDGFC,YES1,FGF21,KITLG
GO:0042325	Regulation of phosphorylation	18	1251	0.7	6.58e-06	9606.ENSP00000233154,9606.ENSP00000262320,9606.ENSP00000263851,9606.ENSP00000277120,9606.ENSP00000284240,9606.ENSP00000288135,9606.ENSP00000313391,9606.ENSP00000317272,9606.ENSP00000331201,9606.ENSP00000345492,9606.ENSP00000346300,9606.ENSP00000397297,9606.ENSP00000404131,9606.ENSP00000420321,9606.ENSP00000422464,9606.ENSP00000462468,9606.ENSP00000471477,9606.ENSP00000495951	NCK2,AXIN1,IL7,NTRK2,THY1,KIT,DAB2,MET,HGS,SH2B3,CRKL,NTF3,TGFA,ROBO1,PDGFC,YES1,FGF21,KITLG
GO:0001932	Regulation of protein phosphorylation	17	1108	0.72	7.04e-06	9606.ENSP00000233154,9606.ENSP00000262320,9606.ENSP00000263851,9606.ENSP00000277120,9606.ENSP00000284240,9606.ENSP00000288135,9606.ENSP00000313391,9606.ENSP00000331201,9606.ENSP00000345492,9606.ENSP00000346300,9606.ENSP00000397297,9606.ENSP00000404131,9606.ENSP00000420321,9606.ENSP00000422464,9606.ENSP00000462468,9606.ENSP00000471477,9606.ENSP00000495951	NCK2,AXIN1,IL7,NTRK2,THY1,KIT,DAB2,HGS,SH2B3,CRKL,NTF3,TGFA,ROBO1,PDGFC,YES1,FGF21,KITLG
GO:0071900	Regulation of protein serine/threonine kinase activity	11	386	0.99	1.03e-05	9606.ENSP00000262320,9606.ENSP00000284240,9606.ENSP00000288135,9606.ENSP00000313391,9606.ENSP00000331201,9606.ENSP00000345492,9606.ENSP00000397297,9606.ENSP00000404131,9606.ENSP00000420321,9606.ENSP00000422464,9606.ENSP00000495951	AXIN1,THY1,KIT,DAB2,HGS,SH2B3,NTF3,TGFA,ROBO1,PDGFC,KITLG
GO:0051336	Regulation of hydrolase activity	16	1011	0.74	1.28e-05	9606.ENSP00000243924,9606.ENSP00000265598,9606.ENSP00000277120,9606.ENSP00000284240,9606.ENSP00000288135,9606.ENSP00000301838,9606.ENSP00000302111,9606.ENSP00000303507,9606.ENSP00000317272,9606.ENSP00000337675,9606.ENSP00000346300,9606.ENSP00000361761,9606.ENSP00000370115,9606.ENSP00000370373,9606.ENSP00000397297,9606.ENSP00000420321	PI3,LAMP3,NTRK2,THY1,KIT,FADD,MGMT,BCR,MET,EBAG9,CRKL,WFDC2,SERPINB1,FKBP1B,NTF3,ROBO1
GO:0043067	Regulation of programmed cell death	19	1492	0.64	1.31e-05	9606.ENSP00000188790,9606.ENSP00000233154,9606.ENSP00000263851,9606.ENSP00000264072,9606.ENSP00000265598,9606.ENSP00000277120,9606.ENSP00000288135,9606.ENSP00000293328,9606.ENSP00000301838,9606.ENSP00000302111,9606.ENSP00000303208,9606.ENSP00000313391,9606.ENSP00000317272,9606.ENSP00000397297,9606.ENSP00000404131,9606.ENSP00000469413,9606.ENSP00000471477,9606.ENSP00000495951,9606.ENSP00000496959	FAP,NCK2,IL7,FCER2,LAMP3,NTRK2,KIT,STAT5B,FADD,MGMT,PCSK9,DAB2,MET,NTF3,TGFA,PAK4,FGF21,KITLG,ITGAM
GO:0010033	Response to organic substance	25	2692	0.51	1.77e-05	9606.ENSP00000263851,9606.ENSP00000264914,9606.ENSP00000265598,9606.ENSP00000266031,9606.ENSP00000277120,9606.ENSP00000288135,9606.ENSP00000293328,9606.ENSP00000297785,9606.ENSP00000301838,9606.ENSP00000302111,9606.ENSP00000303208,9606.ENSP00000303507,9606.ENSP00000313391,9606.ENSP00000316338,9606.ENSP00000339477,9606.ENSP00000345492,9606.ENSP00000346300,9606.ENSP00000370373,9606.ENSP00000397297,9606.ENSP00000403644,9606.ENSP00000422464,9606.ENSP00000426632,9606.ENSP00000462468,9606.ENSP00000469413,9606.ENSP00000471477	IL7,ARSB,LAMP3,HYAL1,NTRK2,KIT,STAT5B,ALDH1A1,FADD,MGMT,PCSK9,BCR,DAB2,BAIAP2,ICOSLG,SH2B3,CRKL,FKBP1B,NTF3,DDC,PDGFC,ERBIN,YES1,PAK4,FGF21
GO:0016477	Cell migration	15	903	0.76	1.86e-05	9606.ENSP00000188790,9606.ENSP00000233154,9606.ENSP00000264914,9606.ENSP00000277120,9606.ENSP00000288135,9606.ENSP00000293328,9606.ENSP00000300026,9606.ENSP00000303507,9606.ENSP00000317272,9606.ENSP00000327290,9606.ENSP00000346300,9606.ENSP00000420321,9606.ENSP00000462468,9606.ENSP00000469413,9606.ENSP00000495951	FAP,NCK2,ARSB,NTRK2,KIT,STAT5B,PPIB,BCR,MET,ITGA11,CRKL,ROBO1,YES1,PAK4,KITLG
GO:0043549	Regulation of kinase activity	14	778	0.79	2.14e-05	9606.ENSP00000233154,9606.ENSP00000262320,9606.ENSP00000277120,9606.ENSP00000284240,9606.ENSP00000288135,9606.ENSP00000313391,9606.ENSP00000317272,9606.ENSP00000331201,9606.ENSP00000345492,9606.ENSP00000397297,9606.ENSP00000404131,9606.ENSP00000420321,9606.ENSP00000422464,9606.ENSP00000495951	NCK2,AXIN1,NTRK2,THY1,KIT,DAB2,MET,HGS,SH2B3,NTF3,TGFA,ROBO1,PDGFC,KITLG
GO:0009966	Regulation of signal transduction	26	2978	0.48	2.54e-05	9606.ENSP00000233154,9606.ENSP00000262320,9606.ENSP00000263851,9606.ENSP00000277120,9606.ENSP00000284240,9606.ENSP00000288135,9606.ENSP00000301838,9606.ENSP00000303208,9606.ENSP00000303507,9606.ENSP00000313391,9606.ENSP00000316338,9606.ENSP00000317272,9606.ENSP00000331201,9606.ENSP00000339186,9606.ENSP00000345492,9606.ENSP00000346300,9606.ENSP00000389377,9606.ENSP00000397297,9606.ENSP00000404131,9606.ENSP00000420321,9606.ENSP00000422464,9606.ENSP00000426632,9606.ENSP00000433112,9606.ENSP00000469413,9606.ENSP00000471477,9606.ENSP00000495951	NCK2,AXIN1,IL7,NTRK2,THY1,KIT,FADD,PCSK9,BCR,DAB2,BAIAP2,MET,HGS,GRAP2,SH2B3,CRKL,NFATC1,NTF3,TGFA,ROBO1,PDGFC,ERBIN,DKK3,PAK4,FGF21,KITLG
GO:0009605	Response to external stimulus	23	2355	0.53	2.93e-05	9606.ENSP00000243924,9606.ENSP00000264914,9606.ENSP00000266031,9606.ENSP00000288135,9606.ENSP00000293328,9606.ENSP00000300026,9606.ENSP00000301838,9606.ENSP00000302111,9606.ENSP00000303208,9606.ENSP00000303507,9606.ENSP00000316338,9606.ENSP00000317272,9606.ENSP00000339477,9606.ENSP00000346300,9606.ENSP00000361761,9606.ENSP00000370373,9606.ENSP00000397297,9606.ENSP00000420321,9606.ENSP00000426632,9606.ENSP00000444810,9606.ENSP00000462468,9606.ENSP00000471477,9606.ENSP00000496959	PI3,ARSB,HYAL1,KIT,STAT5B,PPIB,FADD,MGMT,PCSK9,BCR,BAIAP2,MET,ICOSLG,CRKL,WFDC2,FKBP1B,NTF3,ROBO1,ERBIN,FKBP5,YES1,FGF21,ITGAM
GO:0043406	Positive regulation of MAP kinase activity	7	116	1.32	3.15e-05	9606.ENSP00000262320,9606.ENSP00000288135,9606.ENSP00000397297,9606.ENSP00000404131,9606.ENSP00000420321,9606.ENSP00000422464,9606.ENSP00000495951	AXIN1,KIT,NTF3,TGFA,ROBO1,PDGFC,KITLG
GO:0007155	Cell adhesion	15	965	0.73	3.60e-05	9606.ENSP00000188790,9606.ENSP00000246006,9606.ENSP00000265071,9606.ENSP00000284240,9606.ENSP00000288135,9606.ENSP00000303507,9606.ENSP00000316338,9606.ENSP00000327290,9606.ENSP00000341141,9606.ENSP00000420321,9606.ENSP00000426632,9606.ENSP00000431775,9606.ENSP00000469413,9606.ENSP00000495951,9606.ENSP00000496959	FAP,CD93,CDH6,THY1,KIT,BCR,BAIAP2,ITGA11,SIGLEC1,ROBO1,ERBIN,IL32,PAK4,KITLG,ITGAM
GO:0032502	Developmental process	36	5657	0.34	3.60e-05	9606.ENSP00000188790,9606.ENSP00000233154,9606.ENSP00000262320,9606.ENSP00000263851,9606.ENSP00000264914,9606.ENSP00000265071,9606.ENSP00000266031,9606.ENSP00000277120,9606.ENSP00000280362,9606.ENSP00000284240,9606.ENSP00000288135,9606.ENSP00000293328,9606.ENSP00000300026,9606.ENSP00000301838,9606.ENSP00000302111,9606.ENSP00000303208,9606.ENSP00000303507,9606.ENSP00000313391,9606.ENSP00000316338,9606.ENSP00000317272,9606.ENSP00000327290,9606.ENSP00000345492,9606.ENSP00000346300,9606.ENSP00000361761,9606.ENSP00000389377,9606.ENSP00000397297,9606.ENSP00000403644,9606.ENSP00000404131,9606.ENSP00000420321,9606.ENSP00000422464,9606.ENSP00000433112,9606.ENSP00000462468,9606.ENSP00000469413,9606.ENSP00000471477,9606.ENSP00000495951,9606.ENSP00000496959	FAP,NCK2,AXIN1,IL7,ARSB,CDH6,HYAL1,NTRK2,PTS,THY1,KIT,STAT5B,PPIB,FADD,MGMT,PCSK9,BCR,DAB2,BAIAP2,MET,ITGA11,SH2B3,CRKL,WFDC2,NFATC1,NTF3,DDC,TGFA,ROBO1,PDGFC,DKK3,YES1,PAK4,FGF21,KITLG,ITGAM
GO:0045321	Leukocyte activation	12	574	0.86	4.00e-05	9606.ENSP00000233154,9606.ENSP00000246006,9606.ENSP00000249647,9606.ENSP00000263851,9606.ENSP00000288135,9606.ENSP00000293328,9606.ENSP00000301838,9606.ENSP00000303507,9606.ENSP00000339477,9606.ENSP00000370373,9606.ENSP00000495951,9606.ENSP00000496959	NCK2,CD93,SNAP23,IL7,KIT,STAT5B,FADD,BCR,ICOSLG,FKBP1B,KITLG,ITGAM
GO:0048856	Anatomical structure development	34	5117	0.36	4.00e-05	9606.ENSP00000188790,9606.ENSP00000233154,9606.ENSP00000262320,9606.ENSP00000263851,9606.ENSP00000264914,9606.ENSP00000265071,9606.ENSP00000266031,9606.ENSP00000277120,9606.ENSP00000280362,9606.ENSP00000284240,9606.ENSP00000288135,9606.ENSP00000293328,9606.ENSP00000300026,9606.ENSP00000301838,9606.ENSP00000302111,9606.ENSP00000303208,9606.ENSP00000303507,9606.ENSP00000313391,9606.ENSP00000316338,9606.ENSP00000317272,9606.ENSP00000327290,9606.ENSP00000345492,9606.ENSP00000346300,9606.ENSP00000389377,9606.ENSP00000397297,9606.ENSP00000403644,9606.ENSP00000404131,9606.ENSP00000420321,9606.ENSP00000422464,9606.ENSP00000433112,9606.ENSP00000469413,9606.ENSP00000471477,9606.ENSP00000495951,9606.ENSP00000496959	FAP,NCK2,AXIN1,IL7,ARSB,CDH6,HYAL1,NTRK2,PTS,THY1,KIT,STAT5B,PPIB,FADD,MGMT,PCSK9,BCR,DAB2,BAIAP2,MET,ITGA11,SH2B3,CRKL,NFATC1,NTF3,DDC,TGFA,ROBO1,PDGFC,DKK3,PAK4,FGF21,KITLG,ITGAM
GO:0071310	Cellular response to organic substance	21	2019	0.56	4.17e-05	9606.ENSP00000263851,9606.ENSP00000266031,9606.ENSP00000277120,9606.ENSP00000288135,9606.ENSP00000293328,9606.ENSP00000302111,9606.ENSP00000303208,9606.ENSP00000303507,9606.ENSP00000313391,9606.ENSP00000316338,9606.ENSP00000339477,9606.ENSP00000345492,9606.ENSP00000346300,9606.ENSP00000370373,9606.ENSP00000397297,9606.ENSP00000403644,9606.ENSP00000422464,9606.ENSP00000426632,9606.ENSP00000462468,9606.ENSP00000469413,9606.ENSP00000471477	IL7,HYAL1,NTRK2,KIT,STAT5B,MGMT,PCSK9,BCR,DAB2,BAIAP2,ICOSLG,SH2B3,CRKL,FKBP1B,NTF3,DDC,PDGFC,ERBIN,YES1,PAK4,FGF21
GO:0010646	Regulation of cell communication	27	3355	0.44	5.06e-05	9606.ENSP00000233154,9606.ENSP00000262320,9606.ENSP00000263851,9606.ENSP00000277120,9606.ENSP00000284240,9606.ENSP00000288135,9606.ENSP00000301838,9606.ENSP00000303208,9606.ENSP00000303507,9606.ENSP00000313391,9606.ENSP00000316338,9606.ENSP00000317272,9606.ENSP00000331201,9606.ENSP00000339186,9606.ENSP00000345492,9606.ENSP00000346300,9606.ENSP00000370373,9606.ENSP00000389377,9606.ENSP00000397297,9606.ENSP00000404131,9606.ENSP00000420321,9606.ENSP00000422464,9606.ENSP00000426632,9606.ENSP00000433112,9606.ENSP00000469413,9606.ENSP00000471477,9606.ENSP00000495951	NCK2,AXIN1,IL7,NTRK2,THY1,KIT,FADD,PCSK9,BCR,DAB2,BAIAP2,MET,HGS,GRAP2,SH2B3,CRKL,FKBP1B,NFATC1,NTF3,TGFA,ROBO1,PDGFC,ERBIN,DKK3,PAK4,FGF21,KITLG
GO:0042127	Regulation of cell population proliferation	19	1669	0.59	5.06e-05	9606.ENSP00000188790,9606.ENSP00000233154,9606.ENSP00000263851,9606.ENSP00000266031,9606.ENSP00000277120,9606.ENSP00000288135,9606.ENSP00000293328,9606.ENSP00000301838,9606.ENSP00000313391,9606.ENSP00000331201,9606.ENSP00000339477,9606.ENSP00000345492,9606.ENSP00000346300,9606.ENSP00000397297,9606.ENSP00000404131,9606.ENSP00000420321,9606.ENSP00000422464,9606.ENSP00000471477,9606.ENSP00000495951	FAP,NCK2,IL7,HYAL1,NTRK2,KIT,STAT5B,FADD,DAB2,HGS,ICOSLG,SH2B3,CRKL,NTF3,TGFA,ROBO1,PDGFC,FGF21,KITLG
GO:0023051	Regulation of signaling	27	3367	0.44	5.18e-05	9606.ENSP00000233154,9606.ENSP00000262320,9606.ENSP00000263851,9606.ENSP00000277120,9606.ENSP00000284240,9606.ENSP00000288135,9606.ENSP00000301838,9606.ENSP00000303208,9606.ENSP00000303507,9606.ENSP00000313391,9606.ENSP00000316338,9606.ENSP00000317272,9606.ENSP00000331201,9606.ENSP00000339186,9606.ENSP00000345492,9606.ENSP00000346300,9606.ENSP00000370373,9606.ENSP00000389377,9606.ENSP00000397297,9606.ENSP00000404131,9606.ENSP00000420321,9606.ENSP00000422464,9606.ENSP00000426632,9606.ENSP00000433112,9606.ENSP00000469413,9606.ENSP00000471477,9606.ENSP00000495951	NCK2,AXIN1,IL7,NTRK2,THY1,KIT,FADD,PCSK9,BCR,DAB2,BAIAP2,MET,HGS,GRAP2,SH2B3,CRKL,FKBP1B,NFATC1,NTF3,TGFA,ROBO1,PDGFC,ERBIN,DKK3,PAK4,FGF21,KITLG
GO:0045785	Positive regulation of cell adhesion	11	485	0.89	5.56e-05	9606.ENSP00000233154,9606.ENSP00000263851,9606.ENSP00000266031,9606.ENSP00000284240,9606.ENSP00000293328,9606.ENSP00000301838,9606.ENSP00000313391,9606.ENSP00000339477,9606.ENSP00000346300,9606.ENSP00000462468,9606.ENSP00000495951	NCK2,IL7,HYAL1,THY1,STAT5B,FADD,DAB2,ICOSLG,CRKL,YES1,KITLG
GO:0043085	Positive regulation of catalytic activity	16	1191	0.67	6.81e-05	9606.ENSP00000262320,9606.ENSP00000264072,9606.ENSP00000277120,9606.ENSP00000284240,9606.ENSP00000288135,9606.ENSP00000301838,9606.ENSP00000303507,9606.ENSP00000317272,9606.ENSP00000337675,9606.ENSP00000346300,9606.ENSP00000397297,9606.ENSP00000404131,9606.ENSP00000420321,9606.ENSP00000422464,9606.ENSP00000495951,9606.ENSP00000496959	AXIN1,FCER2,NTRK2,THY1,KIT,FADD,BCR,MET,EBAG9,CRKL,NTF3,TGFA,ROBO1,PDGFC,KITLG,ITGAM
GO:1902531	Regulation of intracellular signal transduction	19	1726	0.58	7.54e-05	9606.ENSP00000233154,9606.ENSP00000262320,9606.ENSP00000277120,9606.ENSP00000288135,9606.ENSP00000301838,9606.ENSP00000303507,9606.ENSP00000313391,9606.ENSP00000317272,9606.ENSP00000339186,9606.ENSP00000345492,9606.ENSP00000346300,9606.ENSP00000397297,9606.ENSP00000404131,9606.ENSP00000420321,9606.ENSP00000422464,9606.ENSP00000426632,9606.ENSP00000469413,9606.ENSP00000471477,9606.ENSP00000495951	NCK2,AXIN1,NTRK2,KIT,FADD,BCR,DAB2,MET,GRAP2,SH2B3,CRKL,NTF3,TGFA,ROBO1,PDGFC,ERBIN,PAK4,FGF21,KITLG
GO:0002376	Immune system process	21	2121	0.53	7.85e-05	9606.ENSP00000233154,9606.ENSP00000243924,9606.ENSP00000246006,9606.ENSP00000249647,9606.ENSP00000263851,9606.ENSP00000265598,9606.ENSP00000284240,9606.ENSP00000288135,9606.ENSP00000293328,9606.ENSP00000300026,9606.ENSP00000301838,9606.ENSP00000303507,9606.ENSP00000339477,9606.ENSP00000345492,9606.ENSP00000346300,9606.ENSP00000361761,9606.ENSP00000370373,9606.ENSP00000431775,9606.ENSP00000462468,9606.ENSP00000495951,9606.ENSP00000496959	NCK2,PI3,CD93,SNAP23,IL7,LAMP3,THY1,KIT,STAT5B,PPIB,FADD,BCR,ICOSLG,SH2B3,CRKL,WFDC2,FKBP1B,IL32,YES1,KITLG,ITGAM
GO:0031399	Regulation of protein modification process	18	1560	0.6	8.25e-05	9606.ENSP00000233154,9606.ENSP00000262320,9606.ENSP00000263851,9606.ENSP00000277120,9606.ENSP00000284240,9606.ENSP00000288135,9606.ENSP00000313391,9606.ENSP00000331201,9606.ENSP00000345492,9606.ENSP00000346300,9606.ENSP00000370373,9606.ENSP00000397297,9606.ENSP00000404131,9606.ENSP00000420321,9606.ENSP00000422464,9606.ENSP00000462468,9606.ENSP00000471477,9606.ENSP00000495951	NCK2,AXIN1,IL7,NTRK2,THY1,KIT,DAB2,HGS,SH2B3,CRKL,FKBP1B,NTF3,TGFA,ROBO1,PDGFC,YES1,FGF21,KITLG
GO:0048518	Positive regulation of biological process	37	6207	0.31	8.25e-05	9606.ENSP00000188790,9606.ENSP00000233154,9606.ENSP00000262320,9606.ENSP00000263851,9606.ENSP00000264072,9606.ENSP00000264914,9606.ENSP00000265598,9606.ENSP00000266031,9606.ENSP00000277120,9606.ENSP00000284240,9606.ENSP00000288135,9606.ENSP00000293328,9606.ENSP00000300026,9606.ENSP00000301838,9606.ENSP00000302111,9606.ENSP00000303208,9606.ENSP00000303507,9606.ENSP00000313391,9606.ENSP00000316338,9606.ENSP00000317272,9606.ENSP00000331201,9606.ENSP00000337675,9606.ENSP00000339477,9606.ENSP00000346300,9606.ENSP00000370373,9606.ENSP00000389377,9606.ENSP00000397297,9606.ENSP00000404131,9606.ENSP00000420321,9606.ENSP00000422464,9606.ENSP00000426632,9606.ENSP00000431775,9606.ENSP00000462468,9606.ENSP00000469413,9606.ENSP00000471477,9606.ENSP00000495951,9606.ENSP00000496959	FAP,NCK2,AXIN1,IL7,FCER2,ARSB,LAMP3,HYAL1,NTRK2,THY1,KIT,STAT5B,PPIB,FADD,MGMT,PCSK9,BCR,DAB2,BAIAP2,MET,HGS,EBAG9,ICOSLG,CRKL,FKBP1B,NFATC1,NTF3,TGFA,ROBO1,PDGFC,ERBIN,IL32,YES1,PAK4,FGF21,KITLG,ITGAM
GO:0043069	Negative regulation of programmed cell death	14	911	0.73	8.49e-05	9606.ENSP00000263851,9606.ENSP00000265598,9606.ENSP00000277120,9606.ENSP00000288135,9606.ENSP00000293328,9606.ENSP00000301838,9606.ENSP00000302111,9606.ENSP00000313391,9606.ENSP00000317272,9606.ENSP00000397297,9606.ENSP00000404131,9606.ENSP00000469413,9606.ENSP00000471477,9606.ENSP00000495951	IL7,LAMP3,NTRK2,KIT,STAT5B,FADD,MGMT,DAB2,MET,NTF3,TGFA,PAK4,FGF21,KITLG
GO:0030334	Regulation of cell migration	14	927	0.72	9.76e-05	9606.ENSP00000264914,9606.ENSP00000266031,9606.ENSP00000284240,9606.ENSP00000288135,9606.ENSP00000301838,9606.ENSP00000303507,9606.ENSP00000313391,9606.ENSP00000317272,9606.ENSP00000346300,9606.ENSP00000397297,9606.ENSP00000420321,9606.ENSP00000422464,9606.ENSP00000471477,9606.ENSP00000495951	ARSB,HYAL1,THY1,KIT,FADD,BCR,DAB2,MET,CRKL,NTF3,ROBO1,PDGFC,FGF21,KITLG
GO:0042221	Response to chemical	29	4010	0.4	9.76e-05	9606.ENSP00000263851,9606.ENSP00000264914,9606.ENSP00000265598,9606.ENSP00000266031,9606.ENSP00000277120,9606.ENSP00000288135,9606.ENSP00000293328,9606.ENSP00000297785,9606.ENSP00000300026,9606.ENSP00000301838,9606.ENSP00000302111,9606.ENSP00000303208,9606.ENSP00000303507,9606.ENSP00000313391,9606.ENSP00000316338,9606.ENSP00000317272,9606.ENSP00000339477,9606.ENSP00000345492,9606.ENSP00000346300,9606.ENSP00000370373,9606.ENSP00000397297,9606.ENSP00000403644,9606.ENSP00000404131,9606.ENSP00000420321,9606.ENSP00000422464,9606.ENSP00000426632,9606.ENSP00000462468,9606.ENSP00000469413,9606.ENSP00000471477	IL7,ARSB,LAMP3,HYAL1,NTRK2,KIT,STAT5B,ALDH1A1,PPIB,FADD,MGMT,PCSK9,BCR,DAB2,BAIAP2,MET,ICOSLG,SH2B3,CRKL,FKBP1B,NTF3,DDC,TGFA,ROBO1,PDGFC,ERBIN,YES1,PAK4,FGF21
GO:0044093	Positive regulation of molecular function	18	1587	0.59	9.76e-05	9606.ENSP00000262320,9606.ENSP00000264072,9606.ENSP00000277120,9606.ENSP00000284240,9606.ENSP00000288135,9606.ENSP00000301838,9606.ENSP00000303507,9606.ENSP00000317272,9606.ENSP00000337675,9606.ENSP00000346300,9606.ENSP00000397297,9606.ENSP00000404131,9606.ENSP00000420321,9606.ENSP00000422464,9606.ENSP00000431775,9606.ENSP00000471477,9606.ENSP00000495951,9606.ENSP00000496959	AXIN1,FCER2,NTRK2,THY1,KIT,FADD,BCR,MET,EBAG9,CRKL,NTF3,TGFA,ROBO1,PDGFC,IL32,FGF21,KITLG,ITGAM
GO:0070887	Cellular response to chemical stimulus	23	2609	0.48	0.00011	9606.ENSP00000263851,9606.ENSP00000266031,9606.ENSP00000277120,9606.ENSP00000288135,9606.ENSP00000293328,9606.ENSP00000297785,9606.ENSP00000300026,9606.ENSP00000302111,9606.ENSP00000303208,9606.ENSP00000303507,9606.ENSP00000313391,9606.ENSP00000316338,9606.ENSP00000339477,9606.ENSP00000345492,9606.ENSP00000346300,9606.ENSP00000370373,9606.ENSP00000397297,9606.ENSP00000403644,9606.ENSP00000422464,9606.ENSP00000426632,9606.ENSP00000462468,9606.ENSP00000469413,9606.ENSP00000471477	IL7,HYAL1,NTRK2,KIT,STAT5B,ALDH1A1,PPIB,MGMT,PCSK9,BCR,DAB2,BAIAP2,ICOSLG,SH2B3,CRKL,FKBP1B,NTF3,DDC,PDGFC,ERBIN,YES1,PAK4,FGF21
GO:0008284	Positive regulation of cell population proliferation	14	945	0.71	0.00012	9606.ENSP00000233154,9606.ENSP00000263851,9606.ENSP00000266031,9606.ENSP00000277120,9606.ENSP00000288135,9606.ENSP00000293328,9606.ENSP00000301838,9606.ENSP00000339477,9606.ENSP00000346300,9606.ENSP00000397297,9606.ENSP00000404131,9606.ENSP00000422464,9606.ENSP00000471477,9606.ENSP00000495951	NCK2,IL7,HYAL1,NTRK2,KIT,STAT5B,FADD,ICOSLG,CRKL,NTF3,TGFA,PDGFC,FGF21,KITLG
GO:0045859	Regulation of protein kinase activity	12	663	0.8	0.00012	9606.ENSP00000233154,9606.ENSP00000262320,9606.ENSP00000284240,9606.ENSP00000288135,9606.ENSP00000313391,9606.ENSP00000331201,9606.ENSP00000345492,9606.ENSP00000397297,9606.ENSP00000404131,9606.ENSP00000420321,9606.ENSP00000422464,9606.ENSP00000495951	NCK2,AXIN1,THY1,KIT,DAB2,HGS,SH2B3,NTF3,TGFA,ROBO1,PDGFC,KITLG
GO:0042327	Positive regulation of phosphorylation	13	826	0.74	0.00016	9606.ENSP00000262320,9606.ENSP00000277120,9606.ENSP00000288135,9606.ENSP00000313391,9606.ENSP00000317272,9606.ENSP00000346300,9606.ENSP00000397297,9606.ENSP00000404131,9606.ENSP00000420321,9606.ENSP00000422464,9606.ENSP00000462468,9606.ENSP00000471477,9606.ENSP00000495951	AXIN1,NTRK2,KIT,DAB2,MET,CRKL,NTF3,TGFA,ROBO1,PDGFC,YES1,FGF21,KITLG
GO:0070665	Positive regulation of leukocyte proliferation	7	167	1.16	0.00018	9606.ENSP00000233154,9606.ENSP00000263851,9606.ENSP00000288135,9606.ENSP00000293328,9606.ENSP00000301838,9606.ENSP00000339477,9606.ENSP00000495951	NCK2,IL7,KIT,STAT5B,FADD,ICOSLG,KITLG
GO:0019222	Regulation of metabolic process	38	6784	0.29	0.00019	9606.ENSP00000188790,9606.ENSP00000233154,9606.ENSP00000243924,9606.ENSP00000262320,9606.ENSP00000263851,9606.ENSP00000264072,9606.ENSP00000265598,9606.ENSP00000277120,9606.ENSP00000284240,9606.ENSP00000288135,9606.ENSP00000293328,9606.ENSP00000297785,9606.ENSP00000301838,9606.ENSP00000302111,9606.ENSP00000303208,9606.ENSP00000303507,9606.ENSP00000313391,9606.ENSP00000317272,9606.ENSP00000331201,9606.ENSP00000337675,9606.ENSP00000339477,9606.ENSP00000345492,9606.ENSP00000346300,9606.ENSP00000361761,9606.ENSP00000370115,9606.ENSP00000370373,9606.ENSP00000389377,9606.ENSP00000397297,9606.ENSP00000404131,9606.ENSP00000420321,9606.ENSP00000422464,9606.ENSP00000426632,9606.ENSP00000431775,9606.ENSP00000433112,9606.ENSP00000462468,9606.ENSP00000471477,9606.ENSP00000495951,9606.ENSP00000496959	FAP,NCK2,PI3,AXIN1,IL7,FCER2,LAMP3,NTRK2,THY1,KIT,STAT5B,ALDH1A1,FADD,MGMT,PCSK9,BCR,DAB2,MET,HGS,EBAG9,ICOSLG,SH2B3,CRKL,WFDC2,SERPINB1,FKBP1B,NFATC1,NTF3,TGFA,ROBO1,PDGFC,ERBIN,IL32,DKK3,YES1,FGF21,KITLG,ITGAM
GO:0050870	Positive regulation of T cell activation	8	251	1.04	0.00019	9606.ENSP00000233154,9606.ENSP00000263851,9606.ENSP00000284240,9606.ENSP00000293328,9606.ENSP00000301838,9606.ENSP00000339477,9606.ENSP00000462468,9606.ENSP00000495951	NCK2,IL7,THY1,STAT5B,FADD,ICOSLG,YES1,KITLG
GO:1902533	Positive regulation of intracellular signal transduction	14	997	0.69	0.00019	9606.ENSP00000233154,9606.ENSP00000262320,9606.ENSP00000277120,9606.ENSP00000288135,9606.ENSP00000301838,9606.ENSP00000317272,9606.ENSP00000346300,9606.ENSP00000397297,9606.ENSP00000404131,9606.ENSP00000420321,9606.ENSP00000422464,9606.ENSP00000426632,9606.ENSP00000471477,9606.ENSP00000495951	NCK2,AXIN1,NTRK2,KIT,FADD,MET,CRKL,NTF3,TGFA,ROBO1,PDGFC,ERBIN,FGF21,KITLG
GO:0007275	Multicellular organism development	29	4209	0.38	0.00022	9606.ENSP00000188790,9606.ENSP00000233154,9606.ENSP00000262320,9606.ENSP00000263851,9606.ENSP00000264914,9606.ENSP00000266031,9606.ENSP00000277120,9606.ENSP00000280362,9606.ENSP00000284240,9606.ENSP00000288135,9606.ENSP00000293328,9606.ENSP00000300026,9606.ENSP00000301838,9606.ENSP00000303208,9606.ENSP00000303507,9606.ENSP00000316338,9606.ENSP00000317272,9606.ENSP00000345492,9606.ENSP00000346300,9606.ENSP00000389377,9606.ENSP00000397297,9606.ENSP00000403644,9606.ENSP00000404131,9606.ENSP00000420321,9606.ENSP00000422464,9606.ENSP00000433112,9606.ENSP00000469413,9606.ENSP00000495951,9606.ENSP00000496959	FAP,NCK2,AXIN1,IL7,ARSB,HYAL1,NTRK2,PTS,THY1,KIT,STAT5B,PPIB,FADD,PCSK9,BCR,BAIAP2,MET,SH2B3,CRKL,NFATC1,NTF3,DDC,TGFA,ROBO1,PDGFC,DKK3,PAK4,KITLG,ITGAM
GO:0048523	Negative regulation of cellular process	31	4736	0.35	0.00022	9606.ENSP00000188790,9606.ENSP00000233154,9606.ENSP00000262320,9606.ENSP00000263851,9606.ENSP00000265598,9606.ENSP00000266031,9606.ENSP00000277120,9606.ENSP00000284240,9606.ENSP00000288135,9606.ENSP00000293328,9606.ENSP00000301838,9606.ENSP00000302111,9606.ENSP00000303208,9606.ENSP00000303507,9606.ENSP00000313391,9606.ENSP00000317272,9606.ENSP00000331201,9606.ENSP00000339477,9606.ENSP00000345492,9606.ENSP00000346300,9606.ENSP00000370373,9606.ENSP00000389377,9606.ENSP00000397297,9606.ENSP00000404131,9606.ENSP00000420321,9606.ENSP00000426632,9606.ENSP00000433112,9606.ENSP00000469413,9606.ENSP00000471477,9606.ENSP00000495951,9606.ENSP00000496959	FAP,NCK2,AXIN1,IL7,LAMP3,HYAL1,NTRK2,THY1,KIT,STAT5B,FADD,MGMT,PCSK9,BCR,DAB2,MET,HGS,ICOSLG,SH2B3,CRKL,FKBP1B,NFATC1,NTF3,TGFA,ROBO1,ERBIN,DKK3,PAK4,FGF21,KITLG,ITGAM
GO:0009967	Positive regulation of signal transduction	17	1525	0.59	0.00023	9606.ENSP00000233154,9606.ENSP00000262320,9606.ENSP00000263851,9606.ENSP00000277120,9606.ENSP00000288135,9606.ENSP00000301838,9606.ENSP00000313391,9606.ENSP00000316338,9606.ENSP00000317272,9606.ENSP00000346300,9606.ENSP00000397297,9606.ENSP00000404131,9606.ENSP00000420321,9606.ENSP00000422464,9606.ENSP00000426632,9606.ENSP00000471477,9606.ENSP00000495951	NCK2,AXIN1,IL7,NTRK2,KIT,FADD,DAB2,BAIAP2,MET,CRKL,NTF3,TGFA,ROBO1,PDGFC,ERBIN,FGF21,KITLG
GO:0071363	Cellular response to growth factor stimulus	10	473	0.86	0.00025	9606.ENSP00000266031,9606.ENSP00000277120,9606.ENSP00000293328,9606.ENSP00000313391,9606.ENSP00000316338,9606.ENSP00000346300,9606.ENSP00000397297,9606.ENSP00000403644,9606.ENSP00000462468,9606.ENSP00000471477	HYAL1,NTRK2,STAT5B,DAB2,BAIAP2,CRKL,NTF3,DDC,YES1,FGF21
GO:0043410	Positive regulation of MAPK cascade	10	481	0.86	0.00028	9606.ENSP00000262320,9606.ENSP00000277120,9606.ENSP00000288135,9606.ENSP00000346300,9606.ENSP00000397297,9606.ENSP00000404131,9606.ENSP00000420321,9606.ENSP00000422464,9606.ENSP00000471477,9606.ENSP00000495951	AXIN1,NTRK2,KIT,CRKL,NTF3,TGFA,ROBO1,PDGFC,FGF21,KITLG
GO:0001934	Positive regulation of protein phosphorylation	12	747	0.74	0.00031	9606.ENSP00000262320,9606.ENSP00000277120,9606.ENSP00000288135,9606.ENSP00000313391,9606.ENSP00000346300,9606.ENSP00000397297,9606.ENSP00000404131,9606.ENSP00000420321,9606.ENSP00000422464,9606.ENSP00000462468,9606.ENSP00000471477,9606.ENSP00000495951	AXIN1,NTRK2,KIT,DAB2,CRKL,NTF3,TGFA,ROBO1,PDGFC,YES1,FGF21,KITLG
GO:0051130	Positive regulation of cellular component organization	14	1049	0.66	0.00031	9606.ENSP00000233154,9606.ENSP00000264914,9606.ENSP00000266031,9606.ENSP00000277120,9606.ENSP00000284240,9606.ENSP00000288135,9606.ENSP00000303208,9606.ENSP00000313391,9606.ENSP00000316338,9606.ENSP00000317272,9606.ENSP00000370373,9606.ENSP00000397297,9606.ENSP00000404131,9606.ENSP00000420321	NCK2,ARSB,HYAL1,NTRK2,THY1,KIT,PCSK9,DAB2,BAIAP2,MET,FKBP1B,NTF3,TGFA,ROBO1
GO:0002696	Positive regulation of leukocyte activation	9	384	0.91	0.00037	9606.ENSP00000233154,9606.ENSP00000263851,9606.ENSP00000284240,9606.ENSP00000293328,9606.ENSP00000301838,9606.ENSP00000339477,9606.ENSP00000462468,9606.ENSP00000495951,9606.ENSP00000496959	NCK2,IL7,THY1,STAT5B,FADD,ICOSLG,YES1,KITLG,ITGAM
GO:0012501	Programmed cell death	14	1084	0.65	0.00041	9606.ENSP00000188790,9606.ENSP00000262320,9606.ENSP00000263851,9606.ENSP00000288135,9606.ENSP00000293328,9606.ENSP00000301838,9606.ENSP00000303208,9606.ENSP00000313391,9606.ENSP00000337675,9606.ENSP00000346300,9606.ENSP00000469413,9606.ENSP00000471477,9606.ENSP00000495951,9606.ENSP00000496959	FAP,AXIN1,IL7,KIT,STAT5B,FADD,PCSK9,DAB2,EBAG9,CRKL,PAK4,FGF21,KITLG,ITGAM
GO:0030155	Regulation of cell adhesion	12	784	0.72	0.00045	9606.ENSP00000233154,9606.ENSP00000263851,9606.ENSP00000266031,9606.ENSP00000284240,9606.ENSP00000293328,9606.ENSP00000301838,9606.ENSP00000313391,9606.ENSP00000339477,9606.ENSP00000345492,9606.ENSP00000346300,9606.ENSP00000462468,9606.ENSP00000495951	NCK2,IL7,HYAL1,THY1,STAT5B,FADD,DAB2,ICOSLG,SH2B3,CRKL,YES1,KITLG
GO:0048731	System development	27	3867	0.38	0.00045	9606.ENSP00000188790,9606.ENSP00000233154,9606.ENSP00000263851,9606.ENSP00000264914,9606.ENSP00000266031,9606.ENSP00000277120,9606.ENSP00000280362,9606.ENSP00000284240,9606.ENSP00000288135,9606.ENSP00000293328,9606.ENSP00000300026,9606.ENSP00000301838,9606.ENSP00000303208,9606.ENSP00000303507,9606.ENSP00000316338,9606.ENSP00000317272,9606.ENSP00000345492,9606.ENSP00000346300,9606.ENSP00000389377,9606.ENSP00000397297,9606.ENSP00000404131,9606.ENSP00000420321,9606.ENSP00000422464,9606.ENSP00000433112,9606.ENSP00000469413,9606.ENSP00000495951,9606.ENSP00000496959	FAP,NCK2,IL7,ARSB,HYAL1,NTRK2,PTS,THY1,KIT,STAT5B,PPIB,FADD,PCSK9,BCR,BAIAP2,MET,SH2B3,CRKL,NFATC1,NTF3,TGFA,ROBO1,PDGFC,DKK3,PAK4,KITLG,ITGAM
GO:0042110	T cell activation	8	298	0.97	0.00050	9606.ENSP00000233154,9606.ENSP00000263851,9606.ENSP00000288135,9606.ENSP00000293328,9606.ENSP00000301838,9606.ENSP00000339477,9606.ENSP00000370373,9606.ENSP00000495951	NCK2,IL7,KIT,STAT5B,FADD,ICOSLG,FKBP1B,KITLG
GO:0042981	Regulation of apoptotic process	16	1462	0.58	0.00052	9606.ENSP00000188790,9606.ENSP00000233154,9606.ENSP00000263851,9606.ENSP00000265598,9606.ENSP00000277120,9606.ENSP00000293328,9606.ENSP00000301838,9606.ENSP00000302111,9606.ENSP00000303208,9606.ENSP00000313391,9606.ENSP00000397297,9606.ENSP00000404131,9606.ENSP00000469413,9606.ENSP00000471477,9606.ENSP00000495951,9606.ENSP00000496959	FAP,NCK2,IL7,LAMP3,NTRK2,STAT5B,FADD,MGMT,PCSK9,DAB2,NTF3,TGFA,PAK4,FGF21,KITLG,ITGAM
GO:0050865	Regulation of cell activation	11	658	0.76	0.00052	9606.ENSP00000233154,9606.ENSP00000263851,9606.ENSP00000284240,9606.ENSP00000293328,9606.ENSP00000301838,9606.ENSP00000303507,9606.ENSP00000339477,9606.ENSP00000345492,9606.ENSP00000462468,9606.ENSP00000495951,9606.ENSP00000496959	NCK2,IL7,THY1,STAT5B,FADD,BCR,ICOSLG,SH2B3,YES1,KITLG,ITGAM
GO:0097531	Mast cell migration	3	7	2.17	0.00052	9606.ENSP00000288135,9606.ENSP00000293328,9606.ENSP00000495951	KIT,STAT5B,KITLG
GO:0030335	Positive regulation of cell migration	10	529	0.82	0.00053	9606.ENSP00000266031,9606.ENSP00000284240,9606.ENSP00000288135,9606.ENSP00000301838,9606.ENSP00000313391,9606.ENSP00000317272,9606.ENSP00000346300,9606.ENSP00000397297,9606.ENSP00000422464,9606.ENSP00000495951	HYAL1,THY1,KIT,FADD,DAB2,MET,CRKL,NTF3,PDGFC,KITLG
GO:0032501	Multicellular organismal process	36	6490	0.28	0.00054	9606.ENSP00000188790,9606.ENSP00000233154,9606.ENSP00000243924,9606.ENSP00000249647,9606.ENSP00000262320,9606.ENSP00000263851,9606.ENSP00000264914,9606.ENSP00000266031,9606.ENSP00000277120,9606.ENSP00000280362,9606.ENSP00000284240,9606.ENSP00000288135,9606.ENSP00000293328,9606.ENSP00000297785,9606.ENSP00000300026,9606.ENSP00000301838,9606.ENSP00000303208,9606.ENSP00000303507,9606.ENSP00000316338,9606.ENSP00000317272,9606.ENSP00000327290,9606.ENSP00000345492,9606.ENSP00000346300,9606.ENSP00000361761,9606.ENSP00000370373,9606.ENSP00000389377,9606.ENSP00000397297,9606.ENSP00000403644,9606.ENSP00000404131,9606.ENSP00000420321,9606.ENSP00000422464,9606.ENSP00000433112,9606.ENSP00000462468,9606.ENSP00000469413,9606.ENSP00000495951,9606.ENSP00000496959	FAP,NCK2,PI3,SNAP23,AXIN1,IL7,ARSB,HYAL1,NTRK2,PTS,THY1,KIT,STAT5B,ALDH1A1,PPIB,FADD,PCSK9,BCR,BAIAP2,MET,ITGA11,SH2B3,CRKL,WFDC2,FKBP1B,NFATC1,NTF3,DDC,TGFA,ROBO1,PDGFC,DKK3,YES1,PAK4,KITLG,ITGAM
GO:0098609	Cell-cell adhesion	10	542	0.8	0.00063	9606.ENSP00000246006,9606.ENSP00000265071,9606.ENSP00000284240,9606.ENSP00000288135,9606.ENSP00000316338,9606.ENSP00000327290,9606.ENSP00000341141,9606.ENSP00000420321,9606.ENSP00000469413,9606.ENSP00000496959	CD93,CDH6,THY1,KIT,BAIAP2,ITGA11,SIGLEC1,ROBO1,PAK4,ITGAM
GO:0051247	Positive regulation of protein metabolic process	16	1512	0.56	0.00072	9606.ENSP00000233154,9606.ENSP00000262320,9606.ENSP00000277120,9606.ENSP00000288135,9606.ENSP00000301838,9606.ENSP00000303208,9606.ENSP00000313391,9606.ENSP00000337675,9606.ENSP00000346300,9606.ENSP00000397297,9606.ENSP00000404131,9606.ENSP00000420321,9606.ENSP00000422464,9606.ENSP00000462468,9606.ENSP00000471477,9606.ENSP00000495951	NCK2,AXIN1,NTRK2,KIT,FADD,PCSK9,DAB2,EBAG9,CRKL,NTF3,TGFA,ROBO1,PDGFC,YES1,FGF21,KITLG
GO:0048513	Animal organ development	24	3246	0.41	0.00075	9606.ENSP00000263851,9606.ENSP00000266031,9606.ENSP00000277120,9606.ENSP00000284240,9606.ENSP00000288135,9606.ENSP00000293328,9606.ENSP00000300026,9606.ENSP00000301838,9606.ENSP00000302111,9606.ENSP00000303208,9606.ENSP00000303507,9606.ENSP00000316338,9606.ENSP00000317272,9606.ENSP00000327290,9606.ENSP00000345492,9606.ENSP00000346300,9606.ENSP00000389377,9606.ENSP00000404131,9606.ENSP00000420321,9606.ENSP00000422464,9606.ENSP00000433112,9606.ENSP00000471477,9606.ENSP00000495951,9606.ENSP00000496959	IL7,HYAL1,NTRK2,THY1,KIT,STAT5B,PPIB,FADD,MGMT,PCSK9,BCR,BAIAP2,MET,ITGA11,SH2B3,CRKL,NFATC1,TGFA,ROBO1,PDGFC,DKK3,FGF21,KITLG,ITGAM
GO:0050671	Positive regulation of lymphocyte proliferation	6	147	1.15	0.00084	9606.ENSP00000233154,9606.ENSP00000263851,9606.ENSP00000293328,9606.ENSP00000301838,9606.ENSP00000339477,9606.ENSP00000495951	NCK2,IL7,STAT5B,FADD,ICOSLG,KITLG
GO:0010604	Positive regulation of macromolecule metabolic process	25	3533	0.39	0.00089	9606.ENSP00000233154,9606.ENSP00000262320,9606.ENSP00000263851,9606.ENSP00000264072,9606.ENSP00000265598,9606.ENSP00000277120,9606.ENSP00000288135,9606.ENSP00000293328,9606.ENSP00000301838,9606.ENSP00000302111,9606.ENSP00000303208,9606.ENSP00000313391,9606.ENSP00000317272,9606.ENSP00000331201,9606.ENSP00000337675,9606.ENSP00000346300,9606.ENSP00000389377,9606.ENSP00000397297,9606.ENSP00000404131,9606.ENSP00000420321,9606.ENSP00000422464,9606.ENSP00000431775,9606.ENSP00000462468,9606.ENSP00000471477,9606.ENSP00000495951	NCK2,AXIN1,IL7,FCER2,LAMP3,NTRK2,KIT,STAT5B,FADD,MGMT,PCSK9,DAB2,MET,HGS,EBAG9,CRKL,NFATC1,NTF3,TGFA,ROBO1,PDGFC,IL32,YES1,FGF21,KITLG
GO:1901700	Response to oxygen-containing compound	16	1547	0.55	0.00089	9606.ENSP00000266031,9606.ENSP00000277120,9606.ENSP00000293328,9606.ENSP00000297785,9606.ENSP00000301838,9606.ENSP00000302111,9606.ENSP00000303208,9606.ENSP00000303507,9606.ENSP00000316338,9606.ENSP00000339477,9606.ENSP00000346300,9606.ENSP00000370373,9606.ENSP00000422464,9606.ENSP00000426632,9606.ENSP00000462468,9606.ENSP00000471477	HYAL1,NTRK2,STAT5B,ALDH1A1,FADD,MGMT,PCSK9,BCR,BAIAP2,ICOSLG,CRKL,FKBP1B,PDGFC,ERBIN,YES1,FGF21
GO:0051171	Regulation of nitrogen compound metabolic process	33	5734	0.3	0.00090	9606.ENSP00000233154,9606.ENSP00000243924,9606.ENSP00000262320,9606.ENSP00000263851,9606.ENSP00000265598,9606.ENSP00000277120,9606.ENSP00000284240,9606.ENSP00000288135,9606.ENSP00000293328,9606.ENSP00000301838,9606.ENSP00000302111,9606.ENSP00000303208,9606.ENSP00000303507,9606.ENSP00000313391,9606.ENSP00000317272,9606.ENSP00000331201,9606.ENSP00000337675,9606.ENSP00000345492,9606.ENSP00000346300,9606.ENSP00000361761,9606.ENSP00000370115,9606.ENSP00000370373,9606.ENSP00000389377,9606.ENSP00000397297,9606.ENSP00000404131,9606.ENSP00000420321,9606.ENSP00000422464,9606.ENSP00000426632,9606.ENSP00000433112,9606.ENSP00000462468,9606.ENSP00000471477,9606.ENSP00000495951,9606.ENSP00000496959	NCK2,PI3,AXIN1,IL7,LAMP3,NTRK2,THY1,KIT,STAT5B,FADD,MGMT,PCSK9,BCR,DAB2,MET,HGS,EBAG9,SH2B3,CRKL,WFDC2,SERPINB1,FKBP1B,NFATC1,NTF3,TGFA,ROBO1,PDGFC,ERBIN,DKK3,YES1,FGF21,KITLG,ITGAM
GO:0002684	Positive regulation of immune system process	12	874	0.68	0.0010	9606.ENSP00000233154,9606.ENSP00000263851,9606.ENSP00000264072,9606.ENSP00000284240,9606.ENSP00000288135,9606.ENSP00000293328,9606.ENSP00000301838,9606.ENSP00000339477,9606.ENSP00000346300,9606.ENSP00000462468,9606.ENSP00000495951,9606.ENSP00000496959	NCK2,IL7,FCER2,THY1,KIT,STAT5B,FADD,ICOSLG,CRKL,YES1,KITLG,ITGAM
GO:0006915	Apoptotic process	13	1041	0.64	0.0011	9606.ENSP00000188790,9606.ENSP00000262320,9606.ENSP00000263851,9606.ENSP00000293328,9606.ENSP00000301838,9606.ENSP00000303208,9606.ENSP00000313391,9606.ENSP00000337675,9606.ENSP00000346300,9606.ENSP00000469413,9606.ENSP00000471477,9606.ENSP00000495951,9606.ENSP00000496959	FAP,AXIN1,IL7,STAT5B,FADD,PCSK9,DAB2,EBAG9,CRKL,PAK4,FGF21,KITLG,ITGAM
GO:0009893	Positive regulation of metabolic process	26	3847	0.37	0.0011	9606.ENSP00000233154,9606.ENSP00000262320,9606.ENSP00000263851,9606.ENSP00000264072,9606.ENSP00000265598,9606.ENSP00000277120,9606.ENSP00000288135,9606.ENSP00000293328,9606.ENSP00000301838,9606.ENSP00000302111,9606.ENSP00000303208,9606.ENSP00000313391,9606.ENSP00000317272,9606.ENSP00000331201,9606.ENSP00000337675,9606.ENSP00000346300,9606.ENSP00000389377,9606.ENSP00000397297,9606.ENSP00000404131,9606.ENSP00000420321,9606.ENSP00000422464,9606.ENSP00000431775,9606.ENSP00000462468,9606.ENSP00000471477,9606.ENSP00000495951,9606.ENSP00000496959	NCK2,AXIN1,IL7,FCER2,LAMP3,NTRK2,KIT,STAT5B,FADD,MGMT,PCSK9,DAB2,MET,HGS,EBAG9,CRKL,NFATC1,NTF3,TGFA,ROBO1,PDGFC,IL32,YES1,FGF21,KITLG,ITGAM
GO:0043066	Negative regulation of apoptotic process	12	891	0.67	0.0012	9606.ENSP00000263851,9606.ENSP00000265598,9606.ENSP00000277120,9606.ENSP00000293328,9606.ENSP00000301838,9606.ENSP00000302111,9606.ENSP00000313391,9606.ENSP00000397297,9606.ENSP00000404131,9606.ENSP00000469413,9606.ENSP00000471477,9606.ENSP00000495951	IL7,LAMP3,NTRK2,STAT5B,FADD,MGMT,DAB2,NTF3,TGFA,PAK4,FGF21,KITLG
GO:0002694	Regulation of leukocyte activation	10	601	0.76	0.0013	9606.ENSP00000233154,9606.ENSP00000263851,9606.ENSP00000284240,9606.ENSP00000293328,9606.ENSP00000301838,9606.ENSP00000303507,9606.ENSP00000339477,9606.ENSP00000462468,9606.ENSP00000495951,9606.ENSP00000496959	NCK2,IL7,THY1,STAT5B,FADD,BCR,ICOSLG,YES1,KITLG,ITGAM
GO:0050900	Leukocyte migration	7	249	0.99	0.0013	9606.ENSP00000288135,9606.ENSP00000293328,9606.ENSP00000300026,9606.ENSP00000303507,9606.ENSP00000346300,9606.ENSP00000462468,9606.ENSP00000495951	KIT,STAT5B,PPIB,BCR,CRKL,YES1,KITLG
GO:0002682	Regulation of immune system process	15	1438	0.56	0.0015	9606.ENSP00000233154,9606.ENSP00000263593,9606.ENSP00000263851,9606.ENSP00000264072,9606.ENSP00000284240,9606.ENSP00000288135,9606.ENSP00000293328,9606.ENSP00000301838,9606.ENSP00000303507,9606.ENSP00000339477,9606.ENSP00000346300,9606.ENSP00000426632,9606.ENSP00000462468,9606.ENSP00000495951,9606.ENSP00000496959	NCK2,SIAE,IL7,FCER2,THY1,KIT,STAT5B,FADD,BCR,ICOSLG,CRKL,ERBIN,YES1,KITLG,ITGAM
GO:0007267	Cell-cell signaling	13	1079	0.62	0.0015	9606.ENSP00000249647,9606.ENSP00000262320,9606.ENSP00000263851,9606.ENSP00000277120,9606.ENSP00000284240,9606.ENSP00000313391,9606.ENSP00000339186,9606.ENSP00000346300,9606.ENSP00000370373,9606.ENSP00000397297,9606.ENSP00000433112,9606.ENSP00000471477,9606.ENSP00000496959	SNAP23,AXIN1,IL7,NTRK2,THY1,DAB2,GRAP2,CRKL,FKBP1B,NTF3,DKK3,FGF21,ITGAM
GO:0022407	Regulation of cell-cell adhesion	9	480	0.81	0.0015	9606.ENSP00000233154,9606.ENSP00000263851,9606.ENSP00000284240,9606.ENSP00000293328,9606.ENSP00000301838,9606.ENSP00000339477,9606.ENSP00000345492,9606.ENSP00000462468,9606.ENSP00000495951	NCK2,IL7,THY1,STAT5B,FADD,ICOSLG,SH2B3,YES1,KITLG
GO:0048872	Homeostasis of number of cells	7	256	0.98	0.0015	9606.ENSP00000263851,9606.ENSP00000288135,9606.ENSP00000293328,9606.ENSP00000301838,9606.ENSP00000303507,9606.ENSP00000345492,9606.ENSP00000495951	IL7,KIT,STAT5B,FADD,BCR,SH2B3,KITLG
GO:0010631	Epithelial cell migration	5	98	1.25	0.0016	9606.ENSP00000188790,9606.ENSP00000264914,9606.ENSP00000288135,9606.ENSP00000420321,9606.ENSP00000495951	FAP,ARSB,KIT,ROBO1,KITLG
GO:0050789	Regulation of biological process	49	11655	0.16	0.0016	9606.ENSP00000013125,9606.ENSP00000188790,9606.ENSP00000233154,9606.ENSP00000243924,9606.ENSP00000262320,9606.ENSP00000263593,9606.ENSP00000263851,9606.ENSP00000264072,9606.ENSP00000264914,9606.ENSP00000265071,9606.ENSP00000265598,9606.ENSP00000266031,9606.ENSP00000277120,9606.ENSP00000284240,9606.ENSP00000288135,9606.ENSP00000293328,9606.ENSP00000297785,9606.ENSP00000300026,9606.ENSP00000301838,9606.ENSP00000302111,9606.ENSP00000303208,9606.ENSP00000303507,9606.ENSP00000313391,9606.ENSP00000316338,9606.ENSP00000317272,9606.ENSP00000327290,9606.ENSP00000331201,9606.ENSP00000337675,9606.ENSP00000339186,9606.ENSP00000339477,9606.ENSP00000345492,9606.ENSP00000346300,9606.ENSP00000361761,9606.ENSP00000370115,9606.ENSP00000370373,9606.ENSP00000389377,9606.ENSP00000397297,9606.ENSP00000404131,9606.ENSP00000420321,9606.ENSP00000422464,9606.ENSP00000423602,9606.ENSP00000426632,9606.ENSP00000431775,9606.ENSP00000433112,9606.ENSP00000462468,9606.ENSP00000469413,9606.ENSP00000471477,9606.ENSP00000495951,9606.ENSP00000496959	MAP4K5,FAP,NCK2,PI3,AXIN1,SIAE,IL7,FCER2,ARSB,CDH6,LAMP3,HYAL1,NTRK2,THY1,KIT,STAT5B,ALDH1A1,PPIB,FADD,MGMT,PCSK9,BCR,DAB2,BAIAP2,MET,ITGA11,HGS,EBAG9,GRAP2,ICOSLG,SH2B3,CRKL,WFDC2,SERPINB1,FKBP1B,NFATC1,NTF3,TGFA,ROBO1,PDGFC,DAPP1,ERBIN,IL32,DKK3,YES1,PAK4,FGF21,KITLG,ITGAM
GO:0033674	Positive regulation of kinase activity	9	494	0.8	0.0017	9606.ENSP00000262320,9606.ENSP00000277120,9606.ENSP00000288135,9606.ENSP00000317272,9606.ENSP00000397297,9606.ENSP00000404131,9606.ENSP00000420321,9606.ENSP00000422464,9606.ENSP00000495951	AXIN1,NTRK2,KIT,MET,NTF3,TGFA,ROBO1,PDGFC,KITLG
GO:0050793	Regulation of developmental process	20	2492	0.44	0.0017	9606.ENSP00000262320,9606.ENSP00000263851,9606.ENSP00000266031,9606.ENSP00000277120,9606.ENSP00000284240,9606.ENSP00000288135,9606.ENSP00000293328,9606.ENSP00000300026,9606.ENSP00000301838,9606.ENSP00000303507,9606.ENSP00000313391,9606.ENSP00000316338,9606.ENSP00000331201,9606.ENSP00000346300,9606.ENSP00000370373,9606.ENSP00000389377,9606.ENSP00000397297,9606.ENSP00000420321,9606.ENSP00000469413,9606.ENSP00000495951	AXIN1,IL7,HYAL1,NTRK2,THY1,KIT,STAT5B,PPIB,FADD,BCR,DAB2,BAIAP2,HGS,CRKL,FKBP1B,NFATC1,NTF3,ROBO1,PAK4,KITLG
GO:0018108	Peptidyl-tyrosine phosphorylation	6	176	1.07	0.0018	9606.ENSP00000277120,9606.ENSP00000288135,9606.ENSP00000303507,9606.ENSP00000317272,9606.ENSP00000462468,9606.ENSP00000495951	NTRK2,KIT,BCR,MET,YES1,KITLG
GO:0060255	Regulation of macromolecule metabolic process	34	6249	0.27	0.0018	9606.ENSP00000233154,9606.ENSP00000243924,9606.ENSP00000262320,9606.ENSP00000263851,9606.ENSP00000264072,9606.ENSP00000265598,9606.ENSP00000277120,9606.ENSP00000284240,9606.ENSP00000288135,9606.ENSP00000293328,9606.ENSP00000301838,9606.ENSP00000302111,9606.ENSP00000303208,9606.ENSP00000313391,9606.ENSP00000317272,9606.ENSP00000331201,9606.ENSP00000337675,9606.ENSP00000339477,9606.ENSP00000345492,9606.ENSP00000346300,9606.ENSP00000361761,9606.ENSP00000370115,9606.ENSP00000370373,9606.ENSP00000389377,9606.ENSP00000397297,9606.ENSP00000404131,9606.ENSP00000420321,9606.ENSP00000422464,9606.ENSP00000426632,9606.ENSP00000431775,9606.ENSP00000433112,9606.ENSP00000462468,9606.ENSP00000471477,9606.ENSP00000495951	NCK2,PI3,AXIN1,IL7,FCER2,LAMP3,NTRK2,THY1,KIT,STAT5B,FADD,MGMT,PCSK9,DAB2,MET,HGS,EBAG9,ICOSLG,SH2B3,CRKL,WFDC2,SERPINB1,FKBP1B,NFATC1,NTF3,TGFA,ROBO1,PDGFC,ERBIN,IL32,DKK3,YES1,FGF21,KITLG
GO:0071495	Cellular response to endogenous stimulus	13	1103	0.61	0.0018	9606.ENSP00000266031,9606.ENSP00000277120,9606.ENSP00000288135,9606.ENSP00000293328,9606.ENSP00000303208,9606.ENSP00000313391,9606.ENSP00000316338,9606.ENSP00000346300,9606.ENSP00000397297,9606.ENSP00000403644,9606.ENSP00000422464,9606.ENSP00000462468,9606.ENSP00000471477	HYAL1,NTRK2,KIT,STAT5B,PCSK9,DAB2,BAIAP2,CRKL,NTF3,DDC,PDGFC,YES1,FGF21
GO:0044419	Biological process involved in interspecies interaction between organisms	15	1490	0.54	0.0020	9606.ENSP00000243924,9606.ENSP00000264072,9606.ENSP00000266031,9606.ENSP00000293328,9606.ENSP00000300026,9606.ENSP00000301838,9606.ENSP00000303507,9606.ENSP00000316338,9606.ENSP00000339477,9606.ENSP00000341141,9606.ENSP00000361761,9606.ENSP00000426632,9606.ENSP00000444810,9606.ENSP00000462468,9606.ENSP00000496959	PI3,FCER2,HYAL1,STAT5B,PPIB,FADD,BCR,BAIAP2,ICOSLG,SIGLEC1,WFDC2,ERBIN,FKBP5,YES1,ITGAM
GO:0030154	Cell differentiation	24	3507	0.37	0.0021	9606.ENSP00000233154,9606.ENSP00000262320,9606.ENSP00000263851,9606.ENSP00000277120,9606.ENSP00000284240,9606.ENSP00000288135,9606.ENSP00000293328,9606.ENSP00000301838,9606.ENSP00000302111,9606.ENSP00000303208,9606.ENSP00000303507,9606.ENSP00000313391,9606.ENSP00000316338,9606.ENSP00000317272,9606.ENSP00000327290,9606.ENSP00000345492,9606.ENSP00000346300,9606.ENSP00000397297,9606.ENSP00000420321,9606.ENSP00000462468,9606.ENSP00000469413,9606.ENSP00000471477,9606.ENSP00000495951,9606.ENSP00000496959	NCK2,AXIN1,IL7,NTRK2,THY1,KIT,STAT5B,FADD,MGMT,PCSK9,BCR,DAB2,BAIAP2,MET,ITGA11,SH2B3,CRKL,NTF3,ROBO1,YES1,PAK4,FGF21,KITLG,ITGAM
GO:0042102	Positive regulation of T cell proliferation	5	108	1.2	0.0023	9606.ENSP00000233154,9606.ENSP00000293328,9606.ENSP00000301838,9606.ENSP00000339477,9606.ENSP00000495951	NCK2,STAT5B,FADD,ICOSLG,KITLG
GO:0044092	Negative regulation of molecular function	13	1143	0.59	0.0023	9606.ENSP00000243924,9606.ENSP00000263851,9606.ENSP00000265598,9606.ENSP00000284240,9606.ENSP00000303208,9606.ENSP00000313391,9606.ENSP00000317272,9606.ENSP00000345492,9606.ENSP00000361761,9606.ENSP00000370115,9606.ENSP00000370373,9606.ENSP00000426632,9606.ENSP00000433112	PI3,IL7,LAMP3,THY1,PCSK9,DAB2,MET,SH2B3,WFDC2,SERPINB1,FKBP1B,ERBIN,DKK3
GO:0051240	Positive regulation of multicellular organismal process	15	1505	0.54	0.0023	9606.ENSP00000263851,9606.ENSP00000266031,9606.ENSP00000277120,9606.ENSP00000288135,9606.ENSP00000293328,9606.ENSP00000300026,9606.ENSP00000301838,9606.ENSP00000313391,9606.ENSP00000316338,9606.ENSP00000420321,9606.ENSP00000422464,9606.ENSP00000431775,9606.ENSP00000469413,9606.ENSP00000471477,9606.ENSP00000495951	IL7,HYAL1,NTRK2,KIT,STAT5B,PPIB,FADD,DAB2,BAIAP2,ROBO1,PDGFC,IL32,PAK4,FGF21,KITLG
GO:0051094	Positive regulation of developmental process	14	1332	0.56	0.0025	9606.ENSP00000263851,9606.ENSP00000266031,9606.ENSP00000277120,9606.ENSP00000288135,9606.ENSP00000293328,9606.ENSP00000300026,9606.ENSP00000301838,9606.ENSP00000313391,9606.ENSP00000316338,9606.ENSP00000346300,9606.ENSP00000370373,9606.ENSP00000420321,9606.ENSP00000469413,9606.ENSP00000495951	IL7,HYAL1,NTRK2,KIT,STAT5B,PPIB,FADD,DAB2,BAIAP2,CRKL,FKBP1B,ROBO1,PAK4,KITLG
GO:0023057	Negative regulation of signaling	14	1354	0.55	0.0029	9606.ENSP00000233154,9606.ENSP00000262320,9606.ENSP00000263851,9606.ENSP00000284240,9606.ENSP00000303208,9606.ENSP00000313391,9606.ENSP00000317272,9606.ENSP00000331201,9606.ENSP00000345492,9606.ENSP00000370373,9606.ENSP00000389377,9606.ENSP00000420321,9606.ENSP00000426632,9606.ENSP00000433112	NCK2,AXIN1,IL7,THY1,PCSK9,DAB2,MET,HGS,SH2B3,FKBP1B,NFATC1,ROBO1,ERBIN,DKK3
GO:0009719	Response to endogenous stimulus	14	1363	0.55	0.0031	9606.ENSP00000264914,9606.ENSP00000266031,9606.ENSP00000277120,9606.ENSP00000288135,9606.ENSP00000293328,9606.ENSP00000303208,9606.ENSP00000313391,9606.ENSP00000316338,9606.ENSP00000346300,9606.ENSP00000397297,9606.ENSP00000403644,9606.ENSP00000422464,9606.ENSP00000462468,9606.ENSP00000471477	ARSB,HYAL1,NTRK2,KIT,STAT5B,PCSK9,DAB2,BAIAP2,CRKL,NTF3,DDC,PDGFC,YES1,FGF21
GO:0050776	Regulation of immune response	11	844	0.65	0.0032	9606.ENSP00000264072,9606.ENSP00000284240,9606.ENSP00000288135,9606.ENSP00000293328,9606.ENSP00000301838,9606.ENSP00000303507,9606.ENSP00000339477,9606.ENSP00000346300,9606.ENSP00000426632,9606.ENSP00000462468,9606.ENSP00000496959	FCER2,THY1,KIT,STAT5B,FADD,BCR,ICOSLG,CRKL,ERBIN,YES1,ITGAM
GO:0048732	Gland development	8	419	0.82	0.0033	9606.ENSP00000293328,9606.ENSP00000301838,9606.ENSP00000302111,9606.ENSP00000303208,9606.ENSP00000317272,9606.ENSP00000346300,9606.ENSP00000404131,9606.ENSP00000433112	STAT5B,FADD,MGMT,PCSK9,MET,CRKL,TGFA,DKK3
GO:0065007	Biological regulation	50	12385	0.14	0.0033	9606.ENSP00000013125,9606.ENSP00000188790,9606.ENSP00000233154,9606.ENSP00000243924,9606.ENSP00000249647,9606.ENSP00000262320,9606.ENSP00000263593,9606.ENSP00000263851,9606.ENSP00000264072,9606.ENSP00000264914,9606.ENSP00000265071,9606.ENSP00000265598,9606.ENSP00000266031,9606.ENSP00000277120,9606.ENSP00000284240,9606.ENSP00000288135,9606.ENSP00000293328,9606.ENSP00000297785,9606.ENSP00000300026,9606.ENSP00000301838,9606.ENSP00000302111,9606.ENSP00000303208,9606.ENSP00000303507,9606.ENSP00000313391,9606.ENSP00000316338,9606.ENSP00000317272,9606.ENSP00000327290,9606.ENSP00000331201,9606.ENSP00000337675,9606.ENSP00000339186,9606.ENSP00000339477,9606.ENSP00000345492,9606.ENSP00000346300,9606.ENSP00000361761,9606.ENSP00000370115,9606.ENSP00000370373,9606.ENSP00000389377,9606.ENSP00000397297,9606.ENSP00000404131,9606.ENSP00000420321,9606.ENSP00000422464,9606.ENSP00000423602,9606.ENSP00000426632,9606.ENSP00000431775,9606.ENSP00000433112,9606.ENSP00000462468,9606.ENSP00000469413,9606.ENSP00000471477,9606.ENSP00000495951,9606.ENSP00000496959	MAP4K5,FAP,NCK2,PI3,SNAP23,AXIN1,SIAE,IL7,FCER2,ARSB,CDH6,LAMP3,HYAL1,NTRK2,THY1,KIT,STAT5B,ALDH1A1,PPIB,FADD,MGMT,PCSK9,BCR,DAB2,BAIAP2,MET,ITGA11,HGS,EBAG9,GRAP2,ICOSLG,SH2B3,CRKL,WFDC2,SERPINB1,FKBP1B,NFATC1,NTF3,TGFA,ROBO1,PDGFC,DAPP1,ERBIN,IL32,DKK3,YES1,PAK4,FGF21,KITLG,ITGAM
GO:0048522	Positive regulation of cellular process	31	5584	0.28	0.0038	9606.ENSP00000188790,9606.ENSP00000233154,9606.ENSP00000262320,9606.ENSP00000263851,9606.ENSP00000264072,9606.ENSP00000264914,9606.ENSP00000266031,9606.ENSP00000277120,9606.ENSP00000284240,9606.ENSP00000288135,9606.ENSP00000293328,9606.ENSP00000301838,9606.ENSP00000302111,9606.ENSP00000303208,9606.ENSP00000313391,9606.ENSP00000316338,9606.ENSP00000317272,9606.ENSP00000331201,9606.ENSP00000339477,9606.ENSP00000346300,9606.ENSP00000370373,9606.ENSP00000389377,9606.ENSP00000397297,9606.ENSP00000404131,9606.ENSP00000420321,9606.ENSP00000422464,9606.ENSP00000426632,9606.ENSP00000462468,9606.ENSP00000471477,9606.ENSP00000495951,9606.ENSP00000496959	FAP,NCK2,AXIN1,IL7,FCER2,ARSB,HYAL1,NTRK2,THY1,KIT,STAT5B,FADD,MGMT,PCSK9,DAB2,BAIAP2,MET,HGS,ICOSLG,CRKL,FKBP1B,NFATC1,NTF3,TGFA,ROBO1,PDGFC,ERBIN,YES1,FGF21,KITLG,ITGAM
GO:0080090	Regulation of primary metabolic process	32	5899	0.27	0.0040	9606.ENSP00000233154,9606.ENSP00000243924,9606.ENSP00000262320,9606.ENSP00000263851,9606.ENSP00000265598,9606.ENSP00000277120,9606.ENSP00000284240,9606.ENSP00000288135,9606.ENSP00000293328,9606.ENSP00000301838,9606.ENSP00000302111,9606.ENSP00000303208,9606.ENSP00000313391,9606.ENSP00000317272,9606.ENSP00000331201,9606.ENSP00000337675,9606.ENSP00000345492,9606.ENSP00000346300,9606.ENSP00000361761,9606.ENSP00000370115,9606.ENSP00000370373,9606.ENSP00000389377,9606.ENSP00000397297,9606.ENSP00000404131,9606.ENSP00000420321,9606.ENSP00000422464,9606.ENSP00000426632,9606.ENSP00000433112,9606.ENSP00000462468,9606.ENSP00000471477,9606.ENSP00000495951,9606.ENSP00000496959	NCK2,PI3,AXIN1,IL7,LAMP3,NTRK2,THY1,KIT,STAT5B,FADD,MGMT,PCSK9,DAB2,MET,HGS,EBAG9,SH2B3,CRKL,WFDC2,SERPINB1,FKBP1B,NFATC1,NTF3,TGFA,ROBO1,PDGFC,ERBIN,DKK3,YES1,FGF21,KITLG,ITGAM
GO:0009653	Anatomical structure morphogenesis	18	2229	0.45	0.0041	9606.ENSP00000188790,9606.ENSP00000262320,9606.ENSP00000263851,9606.ENSP00000265071,9606.ENSP00000266031,9606.ENSP00000277120,9606.ENSP00000284240,9606.ENSP00000303507,9606.ENSP00000316338,9606.ENSP00000317272,9606.ENSP00000346300,9606.ENSP00000389377,9606.ENSP00000397297,9606.ENSP00000404131,9606.ENSP00000420321,9606.ENSP00000422464,9606.ENSP00000433112,9606.ENSP00000471477	FAP,AXIN1,IL7,CDH6,HYAL1,NTRK2,THY1,BCR,BAIAP2,MET,CRKL,NFATC1,NTF3,TGFA,ROBO1,PDGFC,DKK3,FGF21
GO:0051248	Negative regulation of protein metabolic process	12	1038	0.6	0.0041	9606.ENSP00000233154,9606.ENSP00000243924,9606.ENSP00000262320,9606.ENSP00000265598,9606.ENSP00000277120,9606.ENSP00000284240,9606.ENSP00000345492,9606.ENSP00000346300,9606.ENSP00000361761,9606.ENSP00000370115,9606.ENSP00000370373,9606.ENSP00000397297	NCK2,PI3,AXIN1,LAMP3,NTRK2,THY1,SH2B3,CRKL,WFDC2,SERPINB1,FKBP1B,NTF3
GO:0048585	Negative regulation of response to stimulus	15	1612	0.51	0.0045	9606.ENSP00000233154,9606.ENSP00000262320,9606.ENSP00000263851,9606.ENSP00000284240,9606.ENSP00000303507,9606.ENSP00000313391,9606.ENSP00000317272,9606.ENSP00000331201,9606.ENSP00000345492,9606.ENSP00000370373,9606.ENSP00000389377,9606.ENSP00000420321,9606.ENSP00000426632,9606.ENSP00000433112,9606.ENSP00000462468	NCK2,AXIN1,IL7,THY1,BCR,DAB2,MET,HGS,SH2B3,FKBP1B,NFATC1,ROBO1,ERBIN,DKK3,YES1
GO:0010975	Regulation of neuron projection development	8	442	0.8	0.0046	9606.ENSP00000264914,9606.ENSP00000277120,9606.ENSP00000284240,9606.ENSP00000313391,9606.ENSP00000316338,9606.ENSP00000346300,9606.ENSP00000370373,9606.ENSP00000420321	ARSB,NTRK2,THY1,DAB2,BAIAP2,CRKL,FKBP1B,ROBO1
GO:0031343	Positive regulation of cell killing	4	64	1.33	0.0047	9606.ENSP00000264072,9606.ENSP00000293328,9606.ENSP00000301838,9606.ENSP00000496959	FCER2,STAT5B,FADD,ITGAM
GO:1901701	Cellular response to oxygen-containing compound	12	1057	0.59	0.0047	9606.ENSP00000277120,9606.ENSP00000293328,9606.ENSP00000297785,9606.ENSP00000303208,9606.ENSP00000303507,9606.ENSP00000316338,9606.ENSP00000339477,9606.ENSP00000346300,9606.ENSP00000370373,9606.ENSP00000422464,9606.ENSP00000462468,9606.ENSP00000471477	NTRK2,STAT5B,ALDH1A1,PCSK9,BCR,BAIAP2,ICOSLG,CRKL,FKBP1B,PDGFC,YES1,FGF21
GO:0052547	Regulation of peptidase activity	8	446	0.79	0.0048	9606.ENSP00000243924,9606.ENSP00000265598,9606.ENSP00000301838,9606.ENSP00000302111,9606.ENSP00000337675,9606.ENSP00000361761,9606.ENSP00000370115,9606.ENSP00000420321	PI3,LAMP3,FADD,MGMT,EBAG9,WFDC2,SERPINB1,ROBO1
GO:0009892	Negative regulation of metabolic process	21	2982	0.39	0.0052	9606.ENSP00000233154,9606.ENSP00000243924,9606.ENSP00000262320,9606.ENSP00000265598,9606.ENSP00000277120,9606.ENSP00000284240,9606.ENSP00000297785,9606.ENSP00000303208,9606.ENSP00000303507,9606.ENSP00000313391,9606.ENSP00000317272,9606.ENSP00000345492,9606.ENSP00000346300,9606.ENSP00000361761,9606.ENSP00000370115,9606.ENSP00000370373,9606.ENSP00000397297,9606.ENSP00000420321,9606.ENSP00000426632,9606.ENSP00000433112,9606.ENSP00000496959	NCK2,PI3,AXIN1,LAMP3,NTRK2,THY1,ALDH1A1,PCSK9,BCR,DAB2,MET,SH2B3,CRKL,WFDC2,SERPINB1,FKBP1B,NTF3,ROBO1,ERBIN,DKK3,ITGAM
GO:0030162	Regulation of proteolysis	10	739	0.67	0.0052	9606.ENSP00000243924,9606.ENSP00000262320,9606.ENSP00000265598,9606.ENSP00000301838,9606.ENSP00000302111,9606.ENSP00000313391,9606.ENSP00000337675,9606.ENSP00000361761,9606.ENSP00000370115,9606.ENSP00000420321	PI3,AXIN1,LAMP3,FADD,MGMT,DAB2,EBAG9,WFDC2,SERPINB1,ROBO1
GO:0035162	Embryonic hemopoiesis	3	22	1.67	0.0052	9606.ENSP00000288135,9606.ENSP00000345492,9606.ENSP00000495951	KIT,SH2B3,KITLG
GO:0007160	Cell-matrix adhesion	5	136	1.1	0.0055	9606.ENSP00000284240,9606.ENSP00000303507,9606.ENSP00000327290,9606.ENSP00000341141,9606.ENSP00000496959	THY1,BCR,ITGA11,SIGLEC1,ITGAM
GO:0002705	Positive regulation of leukocyte mediated immunity	5	138	1.1	0.0058	9606.ENSP00000264072,9606.ENSP00000288135,9606.ENSP00000293328,9606.ENSP00000301838,9606.ENSP00000496959	FCER2,KIT,STAT5B,FADD,ITGAM
GO:0097529	Myeloid leukocyte migration	5	138	1.1	0.0058	9606.ENSP00000288135,9606.ENSP00000293328,9606.ENSP00000300026,9606.ENSP00000303507,9606.ENSP00000495951	KIT,STAT5B,PPIB,BCR,KITLG
GO:0022603	Regulation of anatomical structure morphogenesis	11	920	0.62	0.0061	9606.ENSP00000266031,9606.ENSP00000277120,9606.ENSP00000284240,9606.ENSP00000288135,9606.ENSP00000303507,9606.ENSP00000313391,9606.ENSP00000316338,9606.ENSP00000331201,9606.ENSP00000346300,9606.ENSP00000420321,9606.ENSP00000469413	HYAL1,NTRK2,THY1,KIT,BCR,DAB2,BAIAP2,HGS,CRKL,ROBO1,PAK4
GO:0002703	Regulation of leukocyte mediated immunity	6	239	0.94	0.0073	9606.ENSP00000264072,9606.ENSP00000288135,9606.ENSP00000293328,9606.ENSP00000301838,9606.ENSP00000303507,9606.ENSP00000496959	FCER2,KIT,STAT5B,FADD,BCR,ITGAM
GO:0070661	Leukocyte proliferation	5	146	1.07	0.0074	9606.ENSP00000263851,9606.ENSP00000288135,9606.ENSP00000293328,9606.ENSP00000370373,9606.ENSP00000495951	IL7,KIT,STAT5B,FKBP1B,KITLG
GO:0051128	Regulation of cellular component organization	18	2365	0.42	0.0079	9606.ENSP00000188790,9606.ENSP00000233154,9606.ENSP00000264914,9606.ENSP00000266031,9606.ENSP00000277120,9606.ENSP00000284240,9606.ENSP00000288135,9606.ENSP00000303208,9606.ENSP00000313391,9606.ENSP00000316338,9606.ENSP00000317272,9606.ENSP00000337675,9606.ENSP00000346300,9606.ENSP00000370373,9606.ENSP00000397297,9606.ENSP00000404131,9606.ENSP00000420321,9606.ENSP00000469413	FAP,NCK2,ARSB,HYAL1,NTRK2,THY1,KIT,PCSK9,DAB2,BAIAP2,MET,EBAG9,CRKL,FKBP1B,NTF3,TGFA,ROBO1,PAK4
GO:0097324	Melanocyte migration	2	3	2.36	0.0079	9606.ENSP00000288135,9606.ENSP00000495951	KIT,KITLG
GO:0002274	Myeloid leukocyte activation	5	150	1.06	0.0081	9606.ENSP00000246006,9606.ENSP00000249647,9606.ENSP00000288135,9606.ENSP00000303507,9606.ENSP00000496959	CD93,SNAP23,KIT,BCR,ITGAM
GO:0006955	Immune response	13	1321	0.53	0.0082	9606.ENSP00000243924,9606.ENSP00000249647,9606.ENSP00000263851,9606.ENSP00000265598,9606.ENSP00000288135,9606.ENSP00000293328,9606.ENSP00000301838,9606.ENSP00000303507,9606.ENSP00000339477,9606.ENSP00000361761,9606.ENSP00000431775,9606.ENSP00000462468,9606.ENSP00000496959	PI3,SNAP23,IL7,LAMP3,KIT,STAT5B,FADD,BCR,ICOSLG,WFDC2,IL32,YES1,ITGAM
GO:0120035	Regulation of plasma membrane bounded cell projection organization	9	635	0.69	0.0083	9606.ENSP00000264914,9606.ENSP00000277120,9606.ENSP00000284240,9606.ENSP00000288135,9606.ENSP00000313391,9606.ENSP00000316338,9606.ENSP00000346300,9606.ENSP00000370373,9606.ENSP00000420321	ARSB,NTRK2,THY1,KIT,DAB2,BAIAP2,CRKL,FKBP1B,ROBO1
GO:0042104	Positive regulation of activated T cell proliferation	3	28	1.57	0.0091	9606.ENSP00000293328,9606.ENSP00000301838,9606.ENSP00000339477	STAT5B,FADD,ICOSLG
GO:0044089	Positive regulation of cellular component biogenesis	8	500	0.74	0.0093	9606.ENSP00000233154,9606.ENSP00000266031,9606.ENSP00000277120,9606.ENSP00000284240,9606.ENSP00000288135,9606.ENSP00000316338,9606.ENSP00000317272,9606.ENSP00000331201	NCK2,HYAL1,NTRK2,THY1,KIT,BAIAP2,MET,HGS
GO:0050778	Positive regulation of immune response	8	502	0.74	0.0095	9606.ENSP00000264072,9606.ENSP00000284240,9606.ENSP00000293328,9606.ENSP00000301838,9606.ENSP00000339477,9606.ENSP00000346300,9606.ENSP00000462468,9606.ENSP00000496959	FCER2,THY1,STAT5B,FADD,ICOSLG,CRKL,YES1,ITGAM
GO:0010648	Negative regulation of cell communication	13	1348	0.52	0.0097	9606.ENSP00000233154,9606.ENSP00000262320,9606.ENSP00000263851,9606.ENSP00000284240,9606.ENSP00000313391,9606.ENSP00000317272,9606.ENSP00000331201,9606.ENSP00000345492,9606.ENSP00000370373,9606.ENSP00000389377,9606.ENSP00000420321,9606.ENSP00000426632,9606.ENSP00000433112	NCK2,AXIN1,IL7,THY1,DAB2,MET,HGS,SH2B3,FKBP1B,NFATC1,ROBO1,ERBIN,DKK3
GO:0065008	Regulation of biological quality	23	3654	0.34	0.0101	9606.ENSP00000188790,9606.ENSP00000233154,9606.ENSP00000249647,9606.ENSP00000263851,9606.ENSP00000277120,9606.ENSP00000288135,9606.ENSP00000293328,9606.ENSP00000297785,9606.ENSP00000300026,9606.ENSP00000301838,9606.ENSP00000303208,9606.ENSP00000303507,9606.ENSP00000313391,9606.ENSP00000316338,9606.ENSP00000317272,9606.ENSP00000345492,9606.ENSP00000370373,9606.ENSP00000422464,9606.ENSP00000426632,9606.ENSP00000433112,9606.ENSP00000462468,9606.ENSP00000471477,9606.ENSP00000495951	FAP,NCK2,SNAP23,IL7,NTRK2,KIT,STAT5B,ALDH1A1,PPIB,FADD,PCSK9,BCR,DAB2,BAIAP2,MET,SH2B3,FKBP1B,PDGFC,ERBIN,DKK3,YES1,FGF21,KITLG
GO:0070662	Mast cell proliferation	2	4	2.24	0.0110	9606.ENSP00000288135,9606.ENSP00000495951	KIT,KITLG
GO:0070668	Positive regulation of mast cell proliferation	2	4	2.24	0.0110	9606.ENSP00000288135,9606.ENSP00000495951	KIT,KITLG
GO:0009607	Response to biotic stimulus	13	1375	0.51	0.0114	9606.ENSP00000188790,9606.ENSP00000243924,9606.ENSP00000266031,9606.ENSP00000293328,9606.ENSP00000301838,9606.ENSP00000303507,9606.ENSP00000316338,9606.ENSP00000339477,9606.ENSP00000361761,9606.ENSP00000426632,9606.ENSP00000444810,9606.ENSP00000462468,9606.ENSP00000496959	FAP,PI3,HYAL1,STAT5B,FADD,BCR,BAIAP2,ICOSLG,WFDC2,ERBIN,FKBP5,YES1,ITGAM
GO:0045595	Regulation of cell differentiation	14	1582	0.49	0.0119	9606.ENSP00000262320,9606.ENSP00000263851,9606.ENSP00000277120,9606.ENSP00000284240,9606.ENSP00000288135,9606.ENSP00000293328,9606.ENSP00000301838,9606.ENSP00000313391,9606.ENSP00000316338,9606.ENSP00000346300,9606.ENSP00000389377,9606.ENSP00000397297,9606.ENSP00000420321,9606.ENSP00000495951	AXIN1,IL7,NTRK2,THY1,KIT,STAT5B,FADD,DAB2,BAIAP2,CRKL,NFATC1,NTF3,ROBO1,KITLG
GO:0006952	Defense response	13	1394	0.51	0.0129	9606.ENSP00000243924,9606.ENSP00000249647,9606.ENSP00000266031,9606.ENSP00000269202,9606.ENSP00000288135,9606.ENSP00000293328,9606.ENSP00000301838,9606.ENSP00000339477,9606.ENSP00000341141,9606.ENSP00000361761,9606.ENSP00000431775,9606.ENSP00000462468,9606.ENSP00000496959	PI3,SNAP23,HYAL1,MEP1B,KIT,STAT5B,FADD,ICOSLG,SIGLEC1,WFDC2,IL32,YES1,ITGAM
GO:0000413	Protein peptidyl-prolyl isomerization	3	33	1.5	0.0134	9606.ENSP00000300026,9606.ENSP00000370373,9606.ENSP00000444810	PPIB,FKBP1B,FKBP5
GO:0001776	Leukocyte homeostasis	4	90	1.19	0.0137	9606.ENSP00000293328,9606.ENSP00000301838,9606.ENSP00000345492,9606.ENSP00000495951	STAT5B,FADD,SH2B3,KITLG
GO:0006909	Phagocytosis	5	173	1.0	0.0140	9606.ENSP00000246006,9606.ENSP00000303507,9606.ENSP00000317272,9606.ENSP00000462468,9606.ENSP00000496959	CD93,BCR,MET,YES1,ITGAM
GO:0045597	Positive regulation of cell differentiation	10	876	0.6	0.0172	9606.ENSP00000263851,9606.ENSP00000277120,9606.ENSP00000288135,9606.ENSP00000293328,9606.ENSP00000301838,9606.ENSP00000313391,9606.ENSP00000316338,9606.ENSP00000346300,9606.ENSP00000420321,9606.ENSP00000495951	IL7,NTRK2,KIT,STAT5B,FADD,DAB2,BAIAP2,CRKL,ROBO1,KITLG
GO:0052548	Regulation of endopeptidase activity	7	414	0.77	0.0173	9606.ENSP00000243924,9606.ENSP00000265598,9606.ENSP00000301838,9606.ENSP00000302111,9606.ENSP00000361761,9606.ENSP00000370115,9606.ENSP00000420321	PI3,LAMP3,FADD,MGMT,WFDC2,SERPINB1,ROBO1
GO:0008283	Cell population proliferation	9	712	0.64	0.0175	9606.ENSP00000188790,9606.ENSP00000263851,9606.ENSP00000288135,9606.ENSP00000293328,9606.ENSP00000370115,9606.ENSP00000370373,9606.ENSP00000404131,9606.ENSP00000422464,9606.ENSP00000495951	FAP,IL7,KIT,STAT5B,SERPINB1,FKBP1B,TGFA,PDGFC,KITLG
GO:1901698	Response to nitrogen compound	11	1058	0.56	0.0175	9606.ENSP00000277120,9606.ENSP00000293328,9606.ENSP00000301838,9606.ENSP00000302111,9606.ENSP00000303208,9606.ENSP00000316338,9606.ENSP00000346300,9606.ENSP00000403644,9606.ENSP00000422464,9606.ENSP00000426632,9606.ENSP00000471477	NTRK2,STAT5B,FADD,MGMT,PCSK9,BAIAP2,CRKL,DDC,PDGFC,ERBIN,FGF21
GO:0009968	Negative regulation of signal transduction	12	1252	0.52	0.0181	9606.ENSP00000233154,9606.ENSP00000262320,9606.ENSP00000263851,9606.ENSP00000284240,9606.ENSP00000313391,9606.ENSP00000317272,9606.ENSP00000331201,9606.ENSP00000345492,9606.ENSP00000389377,9606.ENSP00000420321,9606.ENSP00000426632,9606.ENSP00000433112	NCK2,AXIN1,IL7,THY1,DAB2,MET,HGS,SH2B3,NFATC1,ROBO1,ERBIN,DKK3
GO:0019218	Regulation of steroid metabolic process	4	98	1.15	0.0181	9606.ENSP00000288135,9606.ENSP00000293328,9606.ENSP00000313391,9606.ENSP00000433112	KIT,STAT5B,DAB2,DKK3
GO:2000298	Regulation of Rho-dependent protein serine/threonine kinase activity	2	6	2.06	0.0189	9606.ENSP00000284240,9606.ENSP00000313391	THY1,DAB2
GO:0007229	Integrin-mediated signaling pathway	4	100	1.14	0.0191	9606.ENSP00000284240,9606.ENSP00000327290,9606.ENSP00000426632,9606.ENSP00000496959	THY1,ITGA11,ERBIN,ITGAM
GO:0043299	Leukocyte degranulation	3	39	1.42	0.0198	9606.ENSP00000249647,9606.ENSP00000288135,9606.ENSP00000303507	SNAP23,KIT,BCR
GO:0018193	Peptidyl-amino acid modification	10	900	0.58	0.0201	9606.ENSP00000277120,9606.ENSP00000288135,9606.ENSP00000300026,9606.ENSP00000303507,9606.ENSP00000317272,9606.ENSP00000370373,9606.ENSP00000444810,9606.ENSP00000462468,9606.ENSP00000495951,9606.ENSP00000498786	NTRK2,KIT,PPIB,BCR,MET,FKBP1B,FKBP5,YES1,KITLG,HMBS
GO:0002691	Regulation of cellular extravasation	3	40	1.41	0.0209	9606.ENSP00000284240,9606.ENSP00000301838,9606.ENSP00000303507	THY1,FADD,BCR
GO:0006468	Protein phosphorylation	9	736	0.63	0.0210	9606.ENSP00000013125,9606.ENSP00000277120,9606.ENSP00000284240,9606.ENSP00000288135,9606.ENSP00000303507,9606.ENSP00000317272,9606.ENSP00000462468,9606.ENSP00000469413,9606.ENSP00000495951	MAP4K5,NTRK2,THY1,KIT,BCR,MET,YES1,PAK4,KITLG
GO:0010720	Positive regulation of cell development	6	304	0.83	0.0211	9606.ENSP00000277120,9606.ENSP00000288135,9606.ENSP00000313391,9606.ENSP00000316338,9606.ENSP00000346300,9606.ENSP00000420321	NTRK2,KIT,DAB2,BAIAP2,CRKL,ROBO1
GO:1901564	Organonitrogen compound metabolic process	27	4981	0.27	0.0212	9606.ENSP00000013125,9606.ENSP00000188790,9606.ENSP00000243924,9606.ENSP00000262320,9606.ENSP00000266031,9606.ENSP00000269202,9606.ENSP00000277120,9606.ENSP00000280362,9606.ENSP00000284240,9606.ENSP00000288135,9606.ENSP00000293328,9606.ENSP00000297785,9606.ENSP00000300026,9606.ENSP00000301838,9606.ENSP00000303208,9606.ENSP00000303507,9606.ENSP00000317272,9606.ENSP00000331201,9606.ENSP00000361761,9606.ENSP00000370373,9606.ENSP00000403644,9606.ENSP00000423602,9606.ENSP00000444810,9606.ENSP00000462468,9606.ENSP00000469413,9606.ENSP00000495951,9606.ENSP00000498786	MAP4K5,FAP,PI3,AXIN1,HYAL1,MEP1B,NTRK2,PTS,THY1,KIT,STAT5B,ALDH1A1,PPIB,FADD,PCSK9,BCR,MET,HGS,WFDC2,FKBP1B,DDC,DAPP1,FKBP5,YES1,PAK4,KITLG,HMBS
GO:0050731	Positive regulation of peptidyl-tyrosine phosphorylation	5	194	0.95	0.0214	9606.ENSP00000288135,9606.ENSP00000397297,9606.ENSP00000404131,9606.ENSP00000462468,9606.ENSP00000495951	KIT,NTF3,TGFA,YES1,KITLG
GO:0070100	Negative regulation of chemokine-mediated signaling pathway	2	7	1.99	0.0227	9606.ENSP00000345492,9606.ENSP00000420321	SH2B3,ROBO1
GO:0031325	Positive regulation of cellular metabolic process	20	3114	0.35	0.0230	9606.ENSP00000233154,9606.ENSP00000262320,9606.ENSP00000277120,9606.ENSP00000288135,9606.ENSP00000293328,9606.ENSP00000301838,9606.ENSP00000302111,9606.ENSP00000303208,9606.ENSP00000313391,9606.ENSP00000317272,9606.ENSP00000346300,9606.ENSP00000389377,9606.ENSP00000397297,9606.ENSP00000404131,9606.ENSP00000420321,9606.ENSP00000422464,9606.ENSP00000462468,9606.ENSP00000471477,9606.ENSP00000495951,9606.ENSP00000496959	NCK2,AXIN1,NTRK2,KIT,STAT5B,FADD,MGMT,PCSK9,DAB2,MET,CRKL,NFATC1,NTF3,TGFA,ROBO1,PDGFC,YES1,FGF21,KITLG,ITGAM
GO:0051345	Positive regulation of hydrolase activity	8	589	0.67	0.0230	9606.ENSP00000284240,9606.ENSP00000288135,9606.ENSP00000301838,9606.ENSP00000303507,9606.ENSP00000337675,9606.ENSP00000346300,9606.ENSP00000397297,9606.ENSP00000420321	THY1,KIT,FADD,BCR,EBAG9,CRKL,NTF3,ROBO1
GO:0071364	Cellular response to epidermal growth factor stimulus	3	42	1.39	0.0230	9606.ENSP00000293328,9606.ENSP00000313391,9606.ENSP00000316338	STAT5B,DAB2,BAIAP2
GO:0046578	Regulation of Ras protein signal transduction	5	200	0.94	0.0237	9606.ENSP00000303507,9606.ENSP00000317272,9606.ENSP00000420321,9606.ENSP00000426632,9606.ENSP00000495951	BCR,MET,ROBO1,ERBIN,KITLG
GO:0019538	Protein metabolic process	23	3910	0.31	0.0239	9606.ENSP00000013125,9606.ENSP00000188790,9606.ENSP00000243924,9606.ENSP00000262320,9606.ENSP00000266031,9606.ENSP00000269202,9606.ENSP00000277120,9606.ENSP00000284240,9606.ENSP00000288135,9606.ENSP00000300026,9606.ENSP00000301838,9606.ENSP00000303208,9606.ENSP00000303507,9606.ENSP00000317272,9606.ENSP00000331201,9606.ENSP00000361761,9606.ENSP00000370373,9606.ENSP00000423602,9606.ENSP00000444810,9606.ENSP00000462468,9606.ENSP00000469413,9606.ENSP00000495951,9606.ENSP00000498786	MAP4K5,FAP,PI3,AXIN1,HYAL1,MEP1B,NTRK2,THY1,KIT,PPIB,FADD,PCSK9,BCR,MET,HGS,WFDC2,FKBP1B,DAPP1,FKBP5,YES1,PAK4,KITLG,HMBS
GO:0032347	Regulation of aldosterone biosynthetic process	2	8	1.94	0.0273	9606.ENSP00000313391,9606.ENSP00000433112	DAB2,DKK3
GO:0043313	Regulation of neutrophil degranulation	2	8	1.94	0.0273	9606.ENSP00000303507,9606.ENSP00000496959	BCR,ITGAM
GO:0051707	Response to other organism	12	1328	0.49	0.0273	9606.ENSP00000243924,9606.ENSP00000266031,9606.ENSP00000293328,9606.ENSP00000301838,9606.ENSP00000303507,9606.ENSP00000316338,9606.ENSP00000339477,9606.ENSP00000361761,9606.ENSP00000426632,9606.ENSP00000444810,9606.ENSP00000462468,9606.ENSP00000496959	PI3,HYAL1,STAT5B,FADD,BCR,BAIAP2,ICOSLG,WFDC2,ERBIN,FKBP5,YES1,ITGAM
GO:0051173	Positive regulation of nitrogen compound metabolic process	20	3166	0.34	0.0274	9606.ENSP00000233154,9606.ENSP00000262320,9606.ENSP00000277120,9606.ENSP00000288135,9606.ENSP00000293328,9606.ENSP00000301838,9606.ENSP00000302111,9606.ENSP00000303208,9606.ENSP00000313391,9606.ENSP00000317272,9606.ENSP00000337675,9606.ENSP00000346300,9606.ENSP00000389377,9606.ENSP00000397297,9606.ENSP00000404131,9606.ENSP00000420321,9606.ENSP00000422464,9606.ENSP00000462468,9606.ENSP00000471477,9606.ENSP00000495951	NCK2,AXIN1,NTRK2,KIT,STAT5B,FADD,MGMT,PCSK9,DAB2,MET,EBAG9,CRKL,NFATC1,NTF3,TGFA,ROBO1,PDGFC,YES1,FGF21,KITLG
GO:0016358	Dendrite development	4	115	1.08	0.0280	9606.ENSP00000233154,9606.ENSP00000316338,9606.ENSP00000346300,9606.ENSP00000469413	NCK2,BAIAP2,CRKL,PAK4
GO:0031323	Regulation of cellular metabolic process	29	5681	0.25	0.0280	9606.ENSP00000233154,9606.ENSP00000262320,9606.ENSP00000263851,9606.ENSP00000265598,9606.ENSP00000277120,9606.ENSP00000284240,9606.ENSP00000288135,9606.ENSP00000293328,9606.ENSP00000301838,9606.ENSP00000302111,9606.ENSP00000303208,9606.ENSP00000303507,9606.ENSP00000313391,9606.ENSP00000317272,9606.ENSP00000331201,9606.ENSP00000345492,9606.ENSP00000346300,9606.ENSP00000370373,9606.ENSP00000389377,9606.ENSP00000397297,9606.ENSP00000404131,9606.ENSP00000420321,9606.ENSP00000422464,9606.ENSP00000426632,9606.ENSP00000433112,9606.ENSP00000462468,9606.ENSP00000471477,9606.ENSP00000495951,9606.ENSP00000496959	NCK2,AXIN1,IL7,LAMP3,NTRK2,THY1,KIT,STAT5B,FADD,MGMT,PCSK9,BCR,DAB2,MET,HGS,SH2B3,CRKL,FKBP1B,NFATC1,NTF3,TGFA,ROBO1,PDGFC,ERBIN,DKK3,YES1,FGF21,KITLG,ITGAM
GO:0010628	Positive regulation of gene expression	11	1146	0.52	0.0292	9606.ENSP00000233154,9606.ENSP00000263851,9606.ENSP00000265598,9606.ENSP00000277120,9606.ENSP00000288135,9606.ENSP00000293328,9606.ENSP00000301838,9606.ENSP00000331201,9606.ENSP00000420321,9606.ENSP00000431775,9606.ENSP00000471477	NCK2,IL7,LAMP3,NTRK2,KIT,STAT5B,FADD,HGS,ROBO1,IL32,FGF21
GO:0043200	Response to amino acid	4	117	1.07	0.0295	9606.ENSP00000277120,9606.ENSP00000316338,9606.ENSP00000422464,9606.ENSP00000471477	NTRK2,BAIAP2,PDGFC,FGF21
GO:0010243	Response to organonitrogen compound	10	963	0.55	0.0299	9606.ENSP00000277120,9606.ENSP00000293328,9606.ENSP00000301838,9606.ENSP00000302111,9606.ENSP00000303208,9606.ENSP00000316338,9606.ENSP00000403644,9606.ENSP00000422464,9606.ENSP00000426632,9606.ENSP00000471477	NTRK2,STAT5B,FADD,MGMT,PCSK9,BAIAP2,DDC,PDGFC,ERBIN,FGF21
GO:0032101	Regulation of response to external stimulus	10	964	0.55	0.0300	9606.ENSP00000188790,9606.ENSP00000293328,9606.ENSP00000301838,9606.ENSP00000303507,9606.ENSP00000317272,9606.ENSP00000345492,9606.ENSP00000370373,9606.ENSP00000397297,9606.ENSP00000420321,9606.ENSP00000462468	FAP,STAT5B,FADD,BCR,MET,SH2B3,FKBP1B,NTF3,ROBO1,YES1
GO:0016310	Phosphorylation	10	966	0.55	0.0304	9606.ENSP00000013125,9606.ENSP00000277120,9606.ENSP00000284240,9606.ENSP00000288135,9606.ENSP00000303507,9606.ENSP00000317272,9606.ENSP00000331201,9606.ENSP00000462468,9606.ENSP00000469413,9606.ENSP00000495951	MAP4K5,NTRK2,THY1,KIT,BCR,MET,HGS,YES1,PAK4,KITLG
GO:0019227	Neuronal action potential propagation	2	9	1.89	0.0311	9606.ENSP00000277120,9606.ENSP00000370373	NTRK2,FKBP1B
GO:0007173	Epidermal growth factor receptor signaling pathway	3	49	1.33	0.0317	9606.ENSP00000233154,9606.ENSP00000404131,9606.ENSP00000426632	NCK2,TGFA,ERBIN
GO:0080134	Regulation of response to stress	12	1373	0.48	0.0344	9606.ENSP00000188790,9606.ENSP00000233154,9606.ENSP00000262320,9606.ENSP00000284240,9606.ENSP00000293328,9606.ENSP00000301838,9606.ENSP00000302111,9606.ENSP00000303507,9606.ENSP00000317272,9606.ENSP00000345492,9606.ENSP00000370373,9606.ENSP00000462468	FAP,NCK2,AXIN1,THY1,STAT5B,FADD,MGMT,BCR,MET,SH2B3,FKBP1B,YES1
GO:1901699	Cellular response to nitrogen compound	8	637	0.64	0.0344	9606.ENSP00000277120,9606.ENSP00000293328,9606.ENSP00000303208,9606.ENSP00000316338,9606.ENSP00000346300,9606.ENSP00000403644,9606.ENSP00000422464,9606.ENSP00000471477	NTRK2,STAT5B,PCSK9,BAIAP2,CRKL,DDC,PDGFC,FGF21
GO:0046651	Lymphocyte proliferation	4	124	1.05	0.0350	9606.ENSP00000263851,9606.ENSP00000293328,9606.ENSP00000370373,9606.ENSP00000495951	IL7,STAT5B,FKBP1B,KITLG
GO:0031346	Positive regulation of cell projection organization	6	347	0.78	0.0358	9606.ENSP00000264914,9606.ENSP00000277120,9606.ENSP00000288135,9606.ENSP00000316338,9606.ENSP00000370373,9606.ENSP00000420321	ARSB,NTRK2,KIT,BAIAP2,FKBP1B,ROBO1
GO:0009887	Animal organ morphogenesis	10	997	0.54	0.0371	9606.ENSP00000263851,9606.ENSP00000266031,9606.ENSP00000277120,9606.ENSP00000284240,9606.ENSP00000303507,9606.ENSP00000346300,9606.ENSP00000404131,9606.ENSP00000420321,9606.ENSP00000422464,9606.ENSP00000471477	IL7,HYAL1,NTRK2,THY1,BCR,CRKL,TGFA,ROBO1,PDGFC,FGF21
GO:2000026	Regulation of multicellular organismal development	12	1389	0.48	0.0371	9606.ENSP00000263851,9606.ENSP00000266031,9606.ENSP00000277120,9606.ENSP00000284240,9606.ENSP00000288135,9606.ENSP00000293328,9606.ENSP00000301838,9606.ENSP00000316338,9606.ENSP00000331201,9606.ENSP00000420321,9606.ENSP00000469413,9606.ENSP00000495951	IL7,HYAL1,NTRK2,THY1,KIT,STAT5B,FADD,BAIAP2,HGS,ROBO1,PAK4,KITLG
GO:0002768	Immune response-regulating cell surface receptor signaling pathway	5	228	0.88	0.0372	9606.ENSP00000284240,9606.ENSP00000288135,9606.ENSP00000339477,9606.ENSP00000346300,9606.ENSP00000462468	THY1,KIT,ICOSLG,CRKL,YES1
GO:0050732	Negative regulation of peptidyl-tyrosine phosphorylation	3	53	1.29	0.0378	9606.ENSP00000284240,9606.ENSP00000345492,9606.ENSP00000397297	THY1,SH2B3,NTF3
GO:0002685	Regulation of leukocyte migration	5	231	0.87	0.0390	9606.ENSP00000284240,9606.ENSP00000301838,9606.ENSP00000303507,9606.ENSP00000346300,9606.ENSP00000495951	THY1,FADD,BCR,CRKL,KITLG
GO:0002262	Myeloid cell homeostasis	4	130	1.03	0.0399	9606.ENSP00000288135,9606.ENSP00000293328,9606.ENSP00000345492,9606.ENSP00000495951	KIT,STAT5B,SH2B3,KITLG
GO:0042592	Homeostatic process	12	1406	0.47	0.0402	9606.ENSP00000263851,9606.ENSP00000288135,9606.ENSP00000293328,9606.ENSP00000297785,9606.ENSP00000301838,9606.ENSP00000303208,9606.ENSP00000303507,9606.ENSP00000317272,9606.ENSP00000345492,9606.ENSP00000370373,9606.ENSP00000471477,9606.ENSP00000495951	IL7,KIT,STAT5B,ALDH1A1,FADD,PCSK9,BCR,MET,SH2B3,FKBP1B,FGF21,KITLG
GO:0048260	Positive regulation of receptor-mediated endocytosis	3	55	1.28	0.0409	9606.ENSP00000303208,9606.ENSP00000313391,9606.ENSP00000397297	PCSK9,DAB2,NTF3
GO:0060284	Regulation of cell development	7	506	0.68	0.0426	9606.ENSP00000277120,9606.ENSP00000284240,9606.ENSP00000288135,9606.ENSP00000313391,9606.ENSP00000316338,9606.ENSP00000346300,9606.ENSP00000420321	NTRK2,THY1,KIT,DAB2,BAIAP2,CRKL,ROBO1
GO:0001912	Positive regulation of leukocyte mediated cytotoxicity	3	57	1.26	0.0448	9606.ENSP00000293328,9606.ENSP00000301838,9606.ENSP00000496959	STAT5B,FADD,ITGAM
GO:0040008	Regulation of growth	8	671	0.61	0.0448	9606.ENSP00000263851,9606.ENSP00000266031,9606.ENSP00000293328,9606.ENSP00000300026,9606.ENSP00000313391,9606.ENSP00000337675,9606.ENSP00000346300,9606.ENSP00000469413	IL7,HYAL1,STAT5B,PPIB,DAB2,EBAG9,CRKL,PAK4
GO:0002444	Myeloid leukocyte mediated immunity	3	58	1.25	0.0466	9606.ENSP00000249647,9606.ENSP00000288135,9606.ENSP00000303507	SNAP23,KIT,BCR
GO:0051241	Negative regulation of multicellular organismal process	10	1035	0.52	0.0467	9606.ENSP00000284240,9606.ENSP00000297785,9606.ENSP00000303208,9606.ENSP00000303507,9606.ENSP00000331201,9606.ENSP00000345492,9606.ENSP00000370115,9606.ENSP00000370373,9606.ENSP00000420321,9606.ENSP00000426632	THY1,ALDH1A1,PCSK9,BCR,HGS,SH2B3,SERPINB1,FKBP1B,ROBO1,ERBIN
