#term ID	term description	observed gene count	background gene count	strength	false discovery rate	matching proteins in your network (IDs)	matching proteins in your network (labels)
GO:0007166	Cell surface receptor signaling pathway	30	2040	0.75	6.65e-13	9606.ENSP00000002829,9606.ENSP00000162749,9606.ENSP00000215781,9606.ENSP00000220809,9606.ENSP00000222271,9606.ENSP00000222390,9606.ENSP00000275815,9606.ENSP00000276431,9606.ENSP00000288135,9606.ENSP00000294312,9606.ENSP00000308716,9606.ENSP00000312652,9606.ENSP00000317272,9606.ENSP00000327824,9606.ENSP00000330393,9606.ENSP00000333769,9606.ENSP00000339477,9606.ENSP00000347714,9606.ENSP00000352288,9606.ENSP00000356694,9606.ENSP00000366091,9606.ENSP00000375616,9606.ENSP00000378118,9606.ENSP00000385675,9606.ENSP00000387211,9606.ENSP00000404236,9606.ENSP00000414378,9606.ENSP00000451040,9606.ENSP00000471477,9606.ENSP00000498879	SEMA3F,TNFRSF1A,OSM,PLAT,COMP,HGF,EPHA1,TNFRSF10B,KIT,FGF19,INHBC,LEP,MET,IFNLR1,LEPR,BSG,ICOSLG,FCAR,PLXNB2,FASLG,MOG,LILRB4,CCL8,IL6,IL18R1,LILRA5,EFNA4,PGF,FGF21,CD59
GO:0009605	Response to external stimulus	28	2355	0.66	1.55e-09	9606.ENSP00000002829,9606.ENSP00000162749,9606.ENSP00000217386,9606.ENSP00000222390,9606.ENSP00000243924,9606.ENSP00000256104,9606.ENSP00000275815,9606.ENSP00000276431,9606.ENSP00000288135,9606.ENSP00000294312,9606.ENSP00000312652,9606.ENSP00000317272,9606.ENSP00000327824,9606.ENSP00000333769,9606.ENSP00000339477,9606.ENSP00000347714,9606.ENSP00000352288,9606.ENSP00000356694,9606.ENSP00000363869,9606.ENSP00000378118,9606.ENSP00000384364,9606.ENSP00000385675,9606.ENSP00000404236,9606.ENSP00000414378,9606.ENSP00000436423,9606.ENSP00000436607,9606.ENSP00000451040,9606.ENSP00000471477	SEMA3F,TNFRSF1A,OXT,HGF,PI3,FABP4,EPHA1,TNFRSF10B,KIT,FGF19,LEP,MET,IFNLR1,BSG,ICOSLG,FCAR,PLXNB2,FASLG,VSIG4,CCL8,NPY,IL6,LILRA5,EFNA4,GNLY,ADM,PGF,FGF21
GO:0051239	Regulation of multicellular organismal process	29	2749	0.61	5.93e-09	9606.ENSP00000002829,9606.ENSP00000162749,9606.ENSP00000215781,9606.ENSP00000217386,9606.ENSP00000220809,9606.ENSP00000222271,9606.ENSP00000222390,9606.ENSP00000256104,9606.ENSP00000275815,9606.ENSP00000288135,9606.ENSP00000312652,9606.ENSP00000317272,9606.ENSP00000330393,9606.ENSP00000333769,9606.ENSP00000339477,9606.ENSP00000352288,9606.ENSP00000356694,9606.ENSP00000363869,9606.ENSP00000366091,9606.ENSP00000375616,9606.ENSP00000384364,9606.ENSP00000385675,9606.ENSP00000387211,9606.ENSP00000404236,9606.ENSP00000420298,9606.ENSP00000436607,9606.ENSP00000451040,9606.ENSP00000471477,9606.ENSP00000499459	SEMA3F,TNFRSF1A,OSM,OXT,PLAT,COMP,HGF,FABP4,EPHA1,KIT,LEP,MET,LEPR,BSG,ICOSLG,PLXNB2,FASLG,VSIG4,MOG,LILRB4,NPY,IL6,IL18R1,LILRA5,CD200,ADM,PGF,FGF21,IL19
GO:0048583	Regulation of response to stimulus	33	3931	0.51	1.99e-08	9606.ENSP00000002829,9606.ENSP00000162749,9606.ENSP00000215781,9606.ENSP00000220809,9606.ENSP00000221891,9606.ENSP00000222390,9606.ENSP00000248933,9606.ENSP00000256104,9606.ENSP00000259206,9606.ENSP00000276431,9606.ENSP00000288135,9606.ENSP00000294312,9606.ENSP00000308716,9606.ENSP00000312652,9606.ENSP00000317272,9606.ENSP00000327824,9606.ENSP00000339477,9606.ENSP00000347714,9606.ENSP00000356694,9606.ENSP00000363869,9606.ENSP00000366091,9606.ENSP00000375616,9606.ENSP00000378118,9606.ENSP00000384364,9606.ENSP00000385675,9606.ENSP00000387211,9606.ENSP00000404236,9606.ENSP00000420298,9606.ENSP00000436607,9606.ENSP00000451040,9606.ENSP00000471477,9606.ENSP00000498879,9606.ENSP00000499459	SEMA3F,TNFRSF1A,OSM,PLAT,APLP1,HGF,SEZ6L,FABP4,IL1RN,TNFRSF10B,KIT,FGF19,INHBC,LEP,MET,IFNLR1,ICOSLG,FCAR,FASLG,VSIG4,MOG,LILRB4,CCL8,NPY,IL6,IL18R1,LILRA5,CD200,ADM,PGF,FGF21,CD59,IL19
GO:0050896	Response to stimulus	44	7835	0.34	2.98e-08	9606.ENSP00000002829,9606.ENSP00000162749,9606.ENSP00000215781,9606.ENSP00000217386,9606.ENSP00000220809,9606.ENSP00000221891,9606.ENSP00000222271,9606.ENSP00000222390,9606.ENSP00000243924,9606.ENSP00000256104,9606.ENSP00000259206,9606.ENSP00000275815,9606.ENSP00000276431,9606.ENSP00000288135,9606.ENSP00000294312,9606.ENSP00000300055,9606.ENSP00000308716,9606.ENSP00000312652,9606.ENSP00000317272,9606.ENSP00000327824,9606.ENSP00000330393,9606.ENSP00000333769,9606.ENSP00000339477,9606.ENSP00000341141,9606.ENSP00000347714,9606.ENSP00000352071,9606.ENSP00000352288,9606.ENSP00000356694,9606.ENSP00000363869,9606.ENSP00000366091,9606.ENSP00000375616,9606.ENSP00000375622,9606.ENSP00000378118,9606.ENSP00000384364,9606.ENSP00000385675,9606.ENSP00000387211,9606.ENSP00000404236,9606.ENSP00000414378,9606.ENSP00000436423,9606.ENSP00000436607,9606.ENSP00000451040,9606.ENSP00000471477,9606.ENSP00000498879,9606.ENSP00000499459	SEMA3F,TNFRSF1A,OSM,OXT,PLAT,APLP1,COMP,HGF,PI3,FABP4,IL1RN,EPHA1,TNFRSF10B,KIT,FGF19,PLIN1,INHBC,LEP,MET,IFNLR1,LEPR,BSG,ICOSLG,SIGLEC1,FCAR,CD163,PLXNB2,FASLG,VSIG4,MOG,LILRB4,LAIR1,CCL8,NPY,IL6,IL18R1,LILRA5,EFNA4,GNLY,ADM,PGF,FGF21,CD59,IL19
GO:0007165	Signal transduction	35	4714	0.46	5.40e-08	9606.ENSP00000002829,9606.ENSP00000162749,9606.ENSP00000215781,9606.ENSP00000217386,9606.ENSP00000220809,9606.ENSP00000222271,9606.ENSP00000222390,9606.ENSP00000259206,9606.ENSP00000275815,9606.ENSP00000276431,9606.ENSP00000288135,9606.ENSP00000294312,9606.ENSP00000308716,9606.ENSP00000312652,9606.ENSP00000317272,9606.ENSP00000327824,9606.ENSP00000330393,9606.ENSP00000333769,9606.ENSP00000339477,9606.ENSP00000347714,9606.ENSP00000352288,9606.ENSP00000356694,9606.ENSP00000366091,9606.ENSP00000375616,9606.ENSP00000378118,9606.ENSP00000384364,9606.ENSP00000385675,9606.ENSP00000387211,9606.ENSP00000404236,9606.ENSP00000414378,9606.ENSP00000436607,9606.ENSP00000451040,9606.ENSP00000471477,9606.ENSP00000498879,9606.ENSP00000499459	SEMA3F,TNFRSF1A,OSM,OXT,PLAT,COMP,HGF,IL1RN,EPHA1,TNFRSF10B,KIT,FGF19,INHBC,LEP,MET,IFNLR1,LEPR,BSG,ICOSLG,FCAR,PLXNB2,FASLG,MOG,LILRB4,CCL8,NPY,IL6,IL18R1,LILRA5,EFNA4,ADM,PGF,FGF21,CD59,IL19
GO:0010033	Response to organic substance	26	2692	0.57	5.26e-07	9606.ENSP00000162749,9606.ENSP00000215781,9606.ENSP00000217386,9606.ENSP00000220809,9606.ENSP00000221891,9606.ENSP00000222271,9606.ENSP00000222390,9606.ENSP00000256104,9606.ENSP00000259206,9606.ENSP00000288135,9606.ENSP00000294312,9606.ENSP00000312652,9606.ENSP00000327824,9606.ENSP00000330393,9606.ENSP00000333769,9606.ENSP00000339477,9606.ENSP00000347714,9606.ENSP00000356694,9606.ENSP00000375616,9606.ENSP00000378118,9606.ENSP00000385675,9606.ENSP00000387211,9606.ENSP00000404236,9606.ENSP00000436607,9606.ENSP00000451040,9606.ENSP00000471477	TNFRSF1A,OSM,OXT,PLAT,APLP1,COMP,HGF,FABP4,IL1RN,KIT,FGF19,LEP,IFNLR1,LEPR,BSG,ICOSLG,FCAR,FASLG,LILRB4,CCL8,IL6,IL18R1,LILRA5,ADM,PGF,FGF21
GO:0006955	Immune response	19	1321	0.74	5.46e-07	9606.ENSP00000215781,9606.ENSP00000243924,9606.ENSP00000259206,9606.ENSP00000288135,9606.ENSP00000327824,9606.ENSP00000339477,9606.ENSP00000347714,9606.ENSP00000356694,9606.ENSP00000363869,9606.ENSP00000375616,9606.ENSP00000375622,9606.ENSP00000378118,9606.ENSP00000384364,9606.ENSP00000385675,9606.ENSP00000387211,9606.ENSP00000404236,9606.ENSP00000436423,9606.ENSP00000436607,9606.ENSP00000499459	OSM,PI3,IL1RN,KIT,IFNLR1,ICOSLG,FCAR,FASLG,VSIG4,LILRB4,LAIR1,CCL8,NPY,IL6,IL18R1,LILRA5,GNLY,ADM,IL19
GO:0042221	Response to chemical	31	4010	0.48	5.46e-07	9606.ENSP00000002829,9606.ENSP00000162749,9606.ENSP00000215781,9606.ENSP00000217386,9606.ENSP00000220809,9606.ENSP00000221891,9606.ENSP00000222271,9606.ENSP00000222390,9606.ENSP00000256104,9606.ENSP00000259206,9606.ENSP00000275815,9606.ENSP00000288135,9606.ENSP00000294312,9606.ENSP00000312652,9606.ENSP00000317272,9606.ENSP00000327824,9606.ENSP00000330393,9606.ENSP00000333769,9606.ENSP00000339477,9606.ENSP00000347714,9606.ENSP00000352288,9606.ENSP00000356694,9606.ENSP00000375616,9606.ENSP00000378118,9606.ENSP00000385675,9606.ENSP00000387211,9606.ENSP00000404236,9606.ENSP00000414378,9606.ENSP00000436607,9606.ENSP00000451040,9606.ENSP00000471477	SEMA3F,TNFRSF1A,OSM,OXT,PLAT,APLP1,COMP,HGF,FABP4,IL1RN,EPHA1,KIT,FGF19,LEP,MET,IFNLR1,LEPR,BSG,ICOSLG,FCAR,PLXNB2,FASLG,LILRB4,CCL8,IL6,IL18R1,LILRA5,EFNA4,ADM,PGF,FGF21
GO:0051240	Positive regulation of multicellular organismal process	20	1505	0.71	5.46e-07	9606.ENSP00000215781,9606.ENSP00000217386,9606.ENSP00000220809,9606.ENSP00000222390,9606.ENSP00000256104,9606.ENSP00000275815,9606.ENSP00000288135,9606.ENSP00000312652,9606.ENSP00000330393,9606.ENSP00000333769,9606.ENSP00000352288,9606.ENSP00000375616,9606.ENSP00000384364,9606.ENSP00000385675,9606.ENSP00000387211,9606.ENSP00000404236,9606.ENSP00000420298,9606.ENSP00000436607,9606.ENSP00000451040,9606.ENSP00000471477	OSM,OXT,PLAT,HGF,FABP4,EPHA1,KIT,LEP,LEPR,BSG,PLXNB2,LILRB4,NPY,IL6,IL18R1,LILRA5,CD200,ADM,PGF,FGF21
GO:0002376	Immune system process	23	2121	0.62	6.77e-07	9606.ENSP00000215781,9606.ENSP00000243924,9606.ENSP00000259206,9606.ENSP00000288135,9606.ENSP00000312652,9606.ENSP00000327824,9606.ENSP00000330393,9606.ENSP00000333769,9606.ENSP00000339477,9606.ENSP00000347714,9606.ENSP00000356694,9606.ENSP00000363869,9606.ENSP00000366091,9606.ENSP00000375616,9606.ENSP00000375622,9606.ENSP00000378118,9606.ENSP00000384364,9606.ENSP00000385675,9606.ENSP00000387211,9606.ENSP00000404236,9606.ENSP00000436423,9606.ENSP00000436607,9606.ENSP00000499459	OSM,PI3,IL1RN,KIT,LEP,IFNLR1,LEPR,BSG,ICOSLG,FCAR,FASLG,VSIG4,MOG,LILRB4,LAIR1,CCL8,NPY,IL6,IL18R1,LILRA5,GNLY,ADM,IL19
GO:0048584	Positive regulation of response to stimulus	23	2131	0.62	6.90e-07	9606.ENSP00000162749,9606.ENSP00000215781,9606.ENSP00000220809,9606.ENSP00000222390,9606.ENSP00000256104,9606.ENSP00000276431,9606.ENSP00000288135,9606.ENSP00000294312,9606.ENSP00000308716,9606.ENSP00000312652,9606.ENSP00000317272,9606.ENSP00000339477,9606.ENSP00000356694,9606.ENSP00000363869,9606.ENSP00000366091,9606.ENSP00000378118,9606.ENSP00000384364,9606.ENSP00000385675,9606.ENSP00000387211,9606.ENSP00000404236,9606.ENSP00000451040,9606.ENSP00000471477,9606.ENSP00000499459	TNFRSF1A,OSM,PLAT,HGF,FABP4,TNFRSF10B,KIT,FGF19,INHBC,LEP,MET,ICOSLG,FASLG,VSIG4,MOG,CCL8,NPY,IL6,IL18R1,LILRA5,PGF,FGF21,IL19
GO:0006952	Defense response	19	1394	0.72	8.50e-07	9606.ENSP00000162749,9606.ENSP00000243924,9606.ENSP00000259206,9606.ENSP00000276431,9606.ENSP00000288135,9606.ENSP00000327824,9606.ENSP00000339477,9606.ENSP00000341141,9606.ENSP00000347714,9606.ENSP00000352071,9606.ENSP00000356694,9606.ENSP00000363869,9606.ENSP00000378118,9606.ENSP00000384364,9606.ENSP00000385675,9606.ENSP00000387211,9606.ENSP00000404236,9606.ENSP00000436423,9606.ENSP00000436607	TNFRSF1A,PI3,IL1RN,TNFRSF10B,KIT,IFNLR1,ICOSLG,SIGLEC1,FCAR,CD163,FASLG,VSIG4,CCL8,NPY,IL6,IL18R1,LILRA5,GNLY,ADM
GO:0051716	Cellular response to stimulus	38	6357	0.36	8.50e-07	9606.ENSP00000002829,9606.ENSP00000162749,9606.ENSP00000215781,9606.ENSP00000217386,9606.ENSP00000220809,9606.ENSP00000221891,9606.ENSP00000222271,9606.ENSP00000222390,9606.ENSP00000256104,9606.ENSP00000259206,9606.ENSP00000275815,9606.ENSP00000276431,9606.ENSP00000288135,9606.ENSP00000294312,9606.ENSP00000300055,9606.ENSP00000308716,9606.ENSP00000312652,9606.ENSP00000317272,9606.ENSP00000327824,9606.ENSP00000330393,9606.ENSP00000333769,9606.ENSP00000339477,9606.ENSP00000347714,9606.ENSP00000352288,9606.ENSP00000356694,9606.ENSP00000366091,9606.ENSP00000375616,9606.ENSP00000378118,9606.ENSP00000384364,9606.ENSP00000385675,9606.ENSP00000387211,9606.ENSP00000404236,9606.ENSP00000414378,9606.ENSP00000436607,9606.ENSP00000451040,9606.ENSP00000471477,9606.ENSP00000498879,9606.ENSP00000499459	SEMA3F,TNFRSF1A,OSM,OXT,PLAT,APLP1,COMP,HGF,FABP4,IL1RN,EPHA1,TNFRSF10B,KIT,FGF19,PLIN1,INHBC,LEP,MET,IFNLR1,LEPR,BSG,ICOSLG,FCAR,PLXNB2,FASLG,MOG,LILRB4,CCL8,NPY,IL6,IL18R1,LILRA5,EFNA4,ADM,PGF,FGF21,CD59,IL19
GO:0042325	Regulation of phosphorylation	18	1251	0.74	1.04e-06	9606.ENSP00000162749,9606.ENSP00000215781,9606.ENSP00000222390,9606.ENSP00000256104,9606.ENSP00000275815,9606.ENSP00000276431,9606.ENSP00000288135,9606.ENSP00000294312,9606.ENSP00000308716,9606.ENSP00000312652,9606.ENSP00000317272,9606.ENSP00000330393,9606.ENSP00000352288,9606.ENSP00000375616,9606.ENSP00000385675,9606.ENSP00000404236,9606.ENSP00000451040,9606.ENSP00000471477	TNFRSF1A,OSM,HGF,FABP4,EPHA1,TNFRSF10B,KIT,FGF19,INHBC,LEP,MET,LEPR,PLXNB2,LILRB4,IL6,LILRA5,PGF,FGF21
GO:0001932	Regulation of protein phosphorylation	17	1108	0.77	1.26e-06	9606.ENSP00000162749,9606.ENSP00000215781,9606.ENSP00000222390,9606.ENSP00000256104,9606.ENSP00000275815,9606.ENSP00000276431,9606.ENSP00000288135,9606.ENSP00000294312,9606.ENSP00000308716,9606.ENSP00000312652,9606.ENSP00000330393,9606.ENSP00000352288,9606.ENSP00000375616,9606.ENSP00000385675,9606.ENSP00000404236,9606.ENSP00000451040,9606.ENSP00000471477	TNFRSF1A,OSM,HGF,FABP4,EPHA1,TNFRSF10B,KIT,FGF19,INHBC,LEP,LEPR,PLXNB2,LILRB4,IL6,LILRA5,PGF,FGF21
GO:0071310	Cellular response to organic substance	22	2019	0.62	1.26e-06	9606.ENSP00000162749,9606.ENSP00000215781,9606.ENSP00000220809,9606.ENSP00000221891,9606.ENSP00000222271,9606.ENSP00000222390,9606.ENSP00000256104,9606.ENSP00000288135,9606.ENSP00000294312,9606.ENSP00000312652,9606.ENSP00000327824,9606.ENSP00000330393,9606.ENSP00000339477,9606.ENSP00000347714,9606.ENSP00000356694,9606.ENSP00000375616,9606.ENSP00000378118,9606.ENSP00000385675,9606.ENSP00000387211,9606.ENSP00000404236,9606.ENSP00000451040,9606.ENSP00000471477	TNFRSF1A,OSM,PLAT,APLP1,COMP,HGF,FABP4,KIT,FGF19,LEP,IFNLR1,LEPR,ICOSLG,FCAR,FASLG,LILRB4,CCL8,IL6,IL18R1,LILRA5,PGF,FGF21
GO:0042327	Positive regulation of phosphorylation	15	826	0.85	1.44e-06	9606.ENSP00000162749,9606.ENSP00000215781,9606.ENSP00000222390,9606.ENSP00000275815,9606.ENSP00000276431,9606.ENSP00000288135,9606.ENSP00000294312,9606.ENSP00000308716,9606.ENSP00000312652,9606.ENSP00000317272,9606.ENSP00000330393,9606.ENSP00000385675,9606.ENSP00000404236,9606.ENSP00000451040,9606.ENSP00000471477	TNFRSF1A,OSM,HGF,EPHA1,TNFRSF10B,KIT,FGF19,INHBC,LEP,MET,LEPR,IL6,LILRA5,PGF,FGF21
GO:0019221	Cytokine-mediated signaling pathway	11	369	1.06	1.95e-06	9606.ENSP00000162749,9606.ENSP00000215781,9606.ENSP00000288135,9606.ENSP00000312652,9606.ENSP00000327824,9606.ENSP00000330393,9606.ENSP00000375616,9606.ENSP00000378118,9606.ENSP00000385675,9606.ENSP00000387211,9606.ENSP00000404236	TNFRSF1A,OSM,KIT,LEP,IFNLR1,LEPR,LILRB4,CCL8,IL6,IL18R1,LILRA5
GO:0071345	Cellular response to cytokine stimulus	14	711	0.88	1.95e-06	9606.ENSP00000162749,9606.ENSP00000215781,9606.ENSP00000256104,9606.ENSP00000288135,9606.ENSP00000312652,9606.ENSP00000327824,9606.ENSP00000330393,9606.ENSP00000347714,9606.ENSP00000356694,9606.ENSP00000375616,9606.ENSP00000378118,9606.ENSP00000385675,9606.ENSP00000387211,9606.ENSP00000404236	TNFRSF1A,OSM,FABP4,KIT,LEP,IFNLR1,LEPR,FCAR,FASLG,LILRB4,CCL8,IL6,IL18R1,LILRA5
GO:1902533	Positive regulation of intracellular signal transduction	16	997	0.79	1.95e-06	9606.ENSP00000162749,9606.ENSP00000215781,9606.ENSP00000222390,9606.ENSP00000276431,9606.ENSP00000288135,9606.ENSP00000294312,9606.ENSP00000312652,9606.ENSP00000317272,9606.ENSP00000356694,9606.ENSP00000378118,9606.ENSP00000384364,9606.ENSP00000385675,9606.ENSP00000387211,9606.ENSP00000404236,9606.ENSP00000471477,9606.ENSP00000499459	TNFRSF1A,OSM,HGF,TNFRSF10B,KIT,FGF19,LEP,MET,FASLG,CCL8,NPY,IL6,IL18R1,LILRA5,FGF21,IL19
GO:0006950	Response to stress	27	3358	0.49	3.91e-06	9606.ENSP00000162749,9606.ENSP00000217386,9606.ENSP00000220809,9606.ENSP00000222271,9606.ENSP00000243924,9606.ENSP00000259206,9606.ENSP00000276431,9606.ENSP00000288135,9606.ENSP00000300055,9606.ENSP00000312652,9606.ENSP00000327824,9606.ENSP00000339477,9606.ENSP00000341141,9606.ENSP00000347714,9606.ENSP00000352071,9606.ENSP00000356694,9606.ENSP00000363869,9606.ENSP00000378118,9606.ENSP00000384364,9606.ENSP00000385675,9606.ENSP00000387211,9606.ENSP00000404236,9606.ENSP00000436423,9606.ENSP00000436607,9606.ENSP00000451040,9606.ENSP00000471477,9606.ENSP00000498879	TNFRSF1A,OXT,PLAT,COMP,PI3,IL1RN,TNFRSF10B,KIT,PLIN1,LEP,IFNLR1,ICOSLG,SIGLEC1,FCAR,CD163,FASLG,VSIG4,CCL8,NPY,IL6,IL18R1,LILRA5,GNLY,ADM,PGF,FGF21,CD59
GO:0032101	Regulation of response to external stimulus	15	964	0.78	7.49e-06	9606.ENSP00000002829,9606.ENSP00000162749,9606.ENSP00000215781,9606.ENSP00000220809,9606.ENSP00000222390,9606.ENSP00000256104,9606.ENSP00000312652,9606.ENSP00000317272,9606.ENSP00000327824,9606.ENSP00000363869,9606.ENSP00000384364,9606.ENSP00000385675,9606.ENSP00000404236,9606.ENSP00000420298,9606.ENSP00000451040	SEMA3F,TNFRSF1A,OSM,PLAT,HGF,FABP4,LEP,MET,IFNLR1,VSIG4,NPY,IL6,LILRA5,CD200,PGF
GO:0044419	Biological process involved in interspecies interaction between organisms	18	1490	0.67	8.70e-06	9606.ENSP00000162749,9606.ENSP00000243924,9606.ENSP00000256104,9606.ENSP00000294312,9606.ENSP00000327824,9606.ENSP00000333769,9606.ENSP00000339477,9606.ENSP00000341141,9606.ENSP00000347714,9606.ENSP00000356694,9606.ENSP00000363869,9606.ENSP00000366091,9606.ENSP00000378118,9606.ENSP00000384364,9606.ENSP00000385675,9606.ENSP00000404236,9606.ENSP00000436423,9606.ENSP00000436607	TNFRSF1A,PI3,FABP4,FGF19,IFNLR1,BSG,ICOSLG,SIGLEC1,FCAR,FASLG,VSIG4,MOG,CCL8,NPY,IL6,LILRA5,GNLY,ADM
GO:0048519	Negative regulation of biological process	33	5313	0.38	1.03e-05	9606.ENSP00000002829,9606.ENSP00000162749,9606.ENSP00000215781,9606.ENSP00000217386,9606.ENSP00000220809,9606.ENSP00000221891,9606.ENSP00000222271,9606.ENSP00000222390,9606.ENSP00000243924,9606.ENSP00000256104,9606.ENSP00000259206,9606.ENSP00000275815,9606.ENSP00000288135,9606.ENSP00000294312,9606.ENSP00000312652,9606.ENSP00000317272,9606.ENSP00000327824,9606.ENSP00000330393,9606.ENSP00000339477,9606.ENSP00000352288,9606.ENSP00000356694,9606.ENSP00000363869,9606.ENSP00000375616,9606.ENSP00000378118,9606.ENSP00000384364,9606.ENSP00000385675,9606.ENSP00000387211,9606.ENSP00000404236,9606.ENSP00000420298,9606.ENSP00000436607,9606.ENSP00000471477,9606.ENSP00000498879,9606.ENSP00000499459	SEMA3F,TNFRSF1A,OSM,OXT,PLAT,APLP1,COMP,HGF,PI3,FABP4,IL1RN,EPHA1,KIT,FGF19,LEP,MET,IFNLR1,LEPR,ICOSLG,PLXNB2,FASLG,VSIG4,LILRB4,CCL8,NPY,IL6,IL18R1,LILRA5,CD200,ADM,FGF21,CD59,IL19
GO:0070887	Cellular response to chemical stimulus	23	2609	0.53	1.45e-05	9606.ENSP00000162749,9606.ENSP00000215781,9606.ENSP00000220809,9606.ENSP00000221891,9606.ENSP00000222271,9606.ENSP00000222390,9606.ENSP00000256104,9606.ENSP00000288135,9606.ENSP00000294312,9606.ENSP00000312652,9606.ENSP00000327824,9606.ENSP00000330393,9606.ENSP00000333769,9606.ENSP00000339477,9606.ENSP00000347714,9606.ENSP00000356694,9606.ENSP00000375616,9606.ENSP00000378118,9606.ENSP00000385675,9606.ENSP00000387211,9606.ENSP00000404236,9606.ENSP00000451040,9606.ENSP00000471477	TNFRSF1A,OSM,PLAT,APLP1,COMP,HGF,FABP4,KIT,FGF19,LEP,IFNLR1,LEPR,BSG,ICOSLG,FCAR,FASLG,LILRB4,CCL8,IL6,IL18R1,LILRA5,PGF,FGF21
GO:0051241	Negative regulation of multicellular organismal process	15	1035	0.75	1.68e-05	9606.ENSP00000002829,9606.ENSP00000162749,9606.ENSP00000217386,9606.ENSP00000220809,9606.ENSP00000222390,9606.ENSP00000312652,9606.ENSP00000356694,9606.ENSP00000363869,9606.ENSP00000375616,9606.ENSP00000385675,9606.ENSP00000387211,9606.ENSP00000404236,9606.ENSP00000420298,9606.ENSP00000436607,9606.ENSP00000499459	SEMA3F,TNFRSF1A,OXT,PLAT,HGF,LEP,FASLG,VSIG4,LILRB4,IL6,IL18R1,LILRA5,CD200,ADM,IL19
GO:0001817	Regulation of cytokine production	13	739	0.83	1.79e-05	9606.ENSP00000215781,9606.ENSP00000222390,9606.ENSP00000288135,9606.ENSP00000312652,9606.ENSP00000333769,9606.ENSP00000339477,9606.ENSP00000363869,9606.ENSP00000366091,9606.ENSP00000375616,9606.ENSP00000385675,9606.ENSP00000387211,9606.ENSP00000404236,9606.ENSP00000420298	OSM,HGF,KIT,LEP,BSG,ICOSLG,VSIG4,MOG,LILRB4,IL6,IL18R1,LILRA5,CD200
GO:0001934	Positive regulation of protein phosphorylation	13	747	0.83	1.96e-05	9606.ENSP00000162749,9606.ENSP00000215781,9606.ENSP00000222390,9606.ENSP00000276431,9606.ENSP00000288135,9606.ENSP00000294312,9606.ENSP00000308716,9606.ENSP00000312652,9606.ENSP00000330393,9606.ENSP00000385675,9606.ENSP00000404236,9606.ENSP00000451040,9606.ENSP00000471477	TNFRSF1A,OSM,HGF,TNFRSF10B,KIT,FGF19,INHBC,LEP,LEPR,IL6,LILRA5,PGF,FGF21
GO:0048518	Positive regulation of biological process	35	6207	0.34	2.60e-05	9606.ENSP00000002829,9606.ENSP00000162749,9606.ENSP00000215781,9606.ENSP00000217386,9606.ENSP00000220809,9606.ENSP00000222271,9606.ENSP00000222390,9606.ENSP00000256104,9606.ENSP00000275815,9606.ENSP00000276431,9606.ENSP00000288135,9606.ENSP00000294312,9606.ENSP00000308716,9606.ENSP00000312652,9606.ENSP00000317272,9606.ENSP00000327824,9606.ENSP00000330393,9606.ENSP00000333769,9606.ENSP00000339477,9606.ENSP00000347714,9606.ENSP00000352288,9606.ENSP00000356694,9606.ENSP00000363869,9606.ENSP00000366091,9606.ENSP00000375616,9606.ENSP00000378118,9606.ENSP00000384364,9606.ENSP00000385675,9606.ENSP00000387211,9606.ENSP00000404236,9606.ENSP00000420298,9606.ENSP00000436607,9606.ENSP00000451040,9606.ENSP00000471477,9606.ENSP00000499459	SEMA3F,TNFRSF1A,OSM,OXT,PLAT,COMP,HGF,FABP4,EPHA1,TNFRSF10B,KIT,FGF19,INHBC,LEP,MET,IFNLR1,LEPR,BSG,ICOSLG,FCAR,PLXNB2,FASLG,VSIG4,MOG,LILRB4,CCL8,NPY,IL6,IL18R1,LILRA5,CD200,ADM,PGF,FGF21,IL19
GO:0006935	Chemotaxis	11	516	0.92	3.29e-05	9606.ENSP00000002829,9606.ENSP00000222390,9606.ENSP00000275815,9606.ENSP00000288135,9606.ENSP00000317272,9606.ENSP00000333769,9606.ENSP00000352288,9606.ENSP00000378118,9606.ENSP00000385675,9606.ENSP00000414378,9606.ENSP00000451040	SEMA3F,HGF,EPHA1,KIT,MET,BSG,PLXNB2,CCL8,IL6,EFNA4,PGF
GO:0042127	Regulation of cell population proliferation	18	1669	0.62	3.78e-05	9606.ENSP00000215781,9606.ENSP00000222271,9606.ENSP00000275815,9606.ENSP00000288135,9606.ENSP00000294312,9606.ENSP00000312652,9606.ENSP00000327824,9606.ENSP00000339477,9606.ENSP00000356694,9606.ENSP00000363869,9606.ENSP00000375616,9606.ENSP00000378118,9606.ENSP00000384364,9606.ENSP00000385675,9606.ENSP00000420298,9606.ENSP00000436607,9606.ENSP00000451040,9606.ENSP00000471477	OSM,COMP,EPHA1,KIT,FGF19,LEP,IFNLR1,ICOSLG,FASLG,VSIG4,LILRB4,CCL8,NPY,IL6,CD200,ADM,PGF,FGF21
GO:0010647	Positive regulation of cell communication	18	1693	0.61	4.53e-05	9606.ENSP00000162749,9606.ENSP00000215781,9606.ENSP00000217386,9606.ENSP00000222390,9606.ENSP00000276431,9606.ENSP00000288135,9606.ENSP00000294312,9606.ENSP00000308716,9606.ENSP00000312652,9606.ENSP00000317272,9606.ENSP00000356694,9606.ENSP00000378118,9606.ENSP00000384364,9606.ENSP00000385675,9606.ENSP00000387211,9606.ENSP00000404236,9606.ENSP00000471477,9606.ENSP00000499459	TNFRSF1A,OSM,OXT,HGF,TNFRSF10B,KIT,FGF19,INHBC,LEP,MET,FASLG,CCL8,NPY,IL6,IL18R1,LILRA5,FGF21,IL19
GO:0023056	Positive regulation of signaling	18	1698	0.61	4.56e-05	9606.ENSP00000162749,9606.ENSP00000215781,9606.ENSP00000217386,9606.ENSP00000222390,9606.ENSP00000276431,9606.ENSP00000288135,9606.ENSP00000294312,9606.ENSP00000308716,9606.ENSP00000312652,9606.ENSP00000317272,9606.ENSP00000356694,9606.ENSP00000378118,9606.ENSP00000384364,9606.ENSP00000385675,9606.ENSP00000387211,9606.ENSP00000404236,9606.ENSP00000471477,9606.ENSP00000499459	TNFRSF1A,OSM,OXT,HGF,TNFRSF10B,KIT,FGF19,INHBC,LEP,MET,FASLG,CCL8,NPY,IL6,IL18R1,LILRA5,FGF21,IL19
GO:0009967	Positive regulation of signal transduction	17	1525	0.63	5.48e-05	9606.ENSP00000162749,9606.ENSP00000215781,9606.ENSP00000222390,9606.ENSP00000276431,9606.ENSP00000288135,9606.ENSP00000294312,9606.ENSP00000308716,9606.ENSP00000312652,9606.ENSP00000317272,9606.ENSP00000356694,9606.ENSP00000378118,9606.ENSP00000384364,9606.ENSP00000385675,9606.ENSP00000387211,9606.ENSP00000404236,9606.ENSP00000471477,9606.ENSP00000499459	TNFRSF1A,OSM,HGF,TNFRSF10B,KIT,FGF19,INHBC,LEP,MET,FASLG,CCL8,NPY,IL6,IL18R1,LILRA5,FGF21,IL19
GO:0010646	Regulation of cell communication	25	3355	0.46	5.48e-05	9606.ENSP00000162749,9606.ENSP00000215781,9606.ENSP00000217386,9606.ENSP00000220809,9606.ENSP00000221891,9606.ENSP00000222390,9606.ENSP00000248933,9606.ENSP00000259206,9606.ENSP00000276431,9606.ENSP00000288135,9606.ENSP00000294312,9606.ENSP00000307508,9606.ENSP00000308716,9606.ENSP00000312652,9606.ENSP00000317272,9606.ENSP00000356694,9606.ENSP00000375616,9606.ENSP00000378118,9606.ENSP00000384364,9606.ENSP00000385675,9606.ENSP00000387211,9606.ENSP00000404236,9606.ENSP00000436607,9606.ENSP00000471477,9606.ENSP00000499459	TNFRSF1A,OSM,OXT,PLAT,APLP1,HGF,SEZ6L,IL1RN,TNFRSF10B,KIT,FGF19,CALB2,INHBC,LEP,MET,FASLG,LILRB4,CCL8,NPY,IL6,IL18R1,LILRA5,ADM,FGF21,IL19
GO:0023051	Regulation of signaling	25	3367	0.46	5.48e-05	9606.ENSP00000162749,9606.ENSP00000215781,9606.ENSP00000217386,9606.ENSP00000220809,9606.ENSP00000221891,9606.ENSP00000222390,9606.ENSP00000248933,9606.ENSP00000259206,9606.ENSP00000276431,9606.ENSP00000288135,9606.ENSP00000294312,9606.ENSP00000307508,9606.ENSP00000308716,9606.ENSP00000312652,9606.ENSP00000317272,9606.ENSP00000356694,9606.ENSP00000375616,9606.ENSP00000378118,9606.ENSP00000384364,9606.ENSP00000385675,9606.ENSP00000387211,9606.ENSP00000404236,9606.ENSP00000436607,9606.ENSP00000471477,9606.ENSP00000499459	TNFRSF1A,OSM,OXT,PLAT,APLP1,HGF,SEZ6L,IL1RN,TNFRSF10B,KIT,FGF19,CALB2,INHBC,LEP,MET,FASLG,LILRB4,CCL8,NPY,IL6,IL18R1,LILRA5,ADM,FGF21,IL19
GO:0032675	Regulation of interleukin-6 production	7	151	1.25	5.48e-05	9606.ENSP00000222390,9606.ENSP00000312652,9606.ENSP00000333769,9606.ENSP00000375616,9606.ENSP00000385675,9606.ENSP00000404236,9606.ENSP00000420298	HGF,LEP,BSG,LILRB4,IL6,LILRA5,CD200
GO:1902531	Regulation of intracellular signal transduction	18	1726	0.61	5.48e-05	9606.ENSP00000162749,9606.ENSP00000215781,9606.ENSP00000222390,9606.ENSP00000248933,9606.ENSP00000276431,9606.ENSP00000288135,9606.ENSP00000294312,9606.ENSP00000312652,9606.ENSP00000317272,9606.ENSP00000356694,9606.ENSP00000375616,9606.ENSP00000378118,9606.ENSP00000384364,9606.ENSP00000385675,9606.ENSP00000387211,9606.ENSP00000404236,9606.ENSP00000471477,9606.ENSP00000499459	TNFRSF1A,OSM,HGF,SEZ6L,TNFRSF10B,KIT,FGF19,LEP,MET,FASLG,LILRB4,CCL8,NPY,IL6,IL18R1,LILRA5,FGF21,IL19
GO:0009607	Response to biotic stimulus	16	1375	0.65	7.15e-05	9606.ENSP00000162749,9606.ENSP00000243924,9606.ENSP00000256104,9606.ENSP00000276431,9606.ENSP00000294312,9606.ENSP00000327824,9606.ENSP00000339477,9606.ENSP00000347714,9606.ENSP00000356694,9606.ENSP00000363869,9606.ENSP00000378118,9606.ENSP00000384364,9606.ENSP00000385675,9606.ENSP00000404236,9606.ENSP00000436423,9606.ENSP00000436607	TNFRSF1A,PI3,FABP4,TNFRSF10B,FGF19,IFNLR1,ICOSLG,FCAR,FASLG,VSIG4,CCL8,NPY,IL6,LILRA5,GNLY,ADM
GO:0050730	Regulation of peptidyl-tyrosine phosphorylation	8	259	1.08	0.00012	9606.ENSP00000162749,9606.ENSP00000215781,9606.ENSP00000222390,9606.ENSP00000288135,9606.ENSP00000312652,9606.ENSP00000375616,9606.ENSP00000385675,9606.ENSP00000404236	TNFRSF1A,OSM,HGF,KIT,LEP,LILRB4,IL6,LILRA5
GO:0043410	Positive regulation of MAPK cascade	10	481	0.9	0.00013	9606.ENSP00000215781,9606.ENSP00000222390,9606.ENSP00000288135,9606.ENSP00000294312,9606.ENSP00000312652,9606.ENSP00000378118,9606.ENSP00000384364,9606.ENSP00000385675,9606.ENSP00000404236,9606.ENSP00000471477	OSM,HGF,KIT,FGF19,LEP,CCL8,NPY,IL6,LILRA5,FGF21
GO:0030334	Regulation of cell migration	13	927	0.73	0.00015	9606.ENSP00000002829,9606.ENSP00000222390,9606.ENSP00000275815,9606.ENSP00000288135,9606.ENSP00000294312,9606.ENSP00000317272,9606.ENSP00000333769,9606.ENSP00000352288,9606.ENSP00000378118,9606.ENSP00000385675,9606.ENSP00000420298,9606.ENSP00000451040,9606.ENSP00000471477	SEMA3F,HGF,EPHA1,KIT,FGF19,MET,BSG,PLXNB2,CCL8,IL6,CD200,PGF,FGF21
GO:0007167	Enzyme-linked receptor protein signaling pathway	11	641	0.82	0.00019	9606.ENSP00000220809,9606.ENSP00000222271,9606.ENSP00000222390,9606.ENSP00000275815,9606.ENSP00000288135,9606.ENSP00000294312,9606.ENSP00000308716,9606.ENSP00000317272,9606.ENSP00000414378,9606.ENSP00000451040,9606.ENSP00000471477	PLAT,COMP,HGF,EPHA1,KIT,FGF19,INHBC,MET,EFNA4,PGF,FGF21
GO:0008284	Positive regulation of cell population proliferation	13	945	0.73	0.00019	9606.ENSP00000215781,9606.ENSP00000222271,9606.ENSP00000275815,9606.ENSP00000288135,9606.ENSP00000294312,9606.ENSP00000312652,9606.ENSP00000339477,9606.ENSP00000356694,9606.ENSP00000384364,9606.ENSP00000385675,9606.ENSP00000436607,9606.ENSP00000451040,9606.ENSP00000471477	OSM,COMP,EPHA1,KIT,FGF19,LEP,ICOSLG,FASLG,NPY,IL6,ADM,PGF,FGF21
GO:0031347	Regulation of defense response	11	638	0.82	0.00019	9606.ENSP00000162749,9606.ENSP00000215781,9606.ENSP00000222390,9606.ENSP00000256104,9606.ENSP00000312652,9606.ENSP00000327824,9606.ENSP00000363869,9606.ENSP00000384364,9606.ENSP00000385675,9606.ENSP00000404236,9606.ENSP00000420298	TNFRSF1A,OSM,HGF,FABP4,LEP,IFNLR1,VSIG4,NPY,IL6,LILRA5,CD200
GO:0050731	Positive regulation of peptidyl-tyrosine phosphorylation	7	194	1.14	0.00022	9606.ENSP00000162749,9606.ENSP00000215781,9606.ENSP00000222390,9606.ENSP00000288135,9606.ENSP00000312652,9606.ENSP00000385675,9606.ENSP00000404236	TNFRSF1A,OSM,HGF,KIT,LEP,IL6,LILRA5
GO:0051246	Regulation of protein metabolic process	21	2622	0.49	0.00023	9606.ENSP00000162749,9606.ENSP00000215781,9606.ENSP00000220809,9606.ENSP00000221891,9606.ENSP00000222390,9606.ENSP00000243924,9606.ENSP00000256104,9606.ENSP00000275815,9606.ENSP00000276431,9606.ENSP00000288135,9606.ENSP00000294312,9606.ENSP00000308716,9606.ENSP00000312652,9606.ENSP00000330393,9606.ENSP00000352288,9606.ENSP00000356694,9606.ENSP00000375616,9606.ENSP00000385675,9606.ENSP00000404236,9606.ENSP00000451040,9606.ENSP00000471477	TNFRSF1A,OSM,PLAT,APLP1,HGF,PI3,FABP4,EPHA1,TNFRSF10B,KIT,FGF19,INHBC,LEP,LEPR,PLXNB2,FASLG,LILRB4,IL6,LILRA5,PGF,FGF21
GO:0051707	Response to other organism	15	1328	0.64	0.00023	9606.ENSP00000162749,9606.ENSP00000243924,9606.ENSP00000256104,9606.ENSP00000294312,9606.ENSP00000327824,9606.ENSP00000339477,9606.ENSP00000347714,9606.ENSP00000356694,9606.ENSP00000363869,9606.ENSP00000378118,9606.ENSP00000384364,9606.ENSP00000385675,9606.ENSP00000404236,9606.ENSP00000436423,9606.ENSP00000436607	TNFRSF1A,PI3,FABP4,FGF19,IFNLR1,ICOSLG,FCAR,FASLG,VSIG4,CCL8,NPY,IL6,LILRA5,GNLY,ADM
GO:0009617	Response to bacterium	11	663	0.81	0.00024	9606.ENSP00000162749,9606.ENSP00000243924,9606.ENSP00000256104,9606.ENSP00000294312,9606.ENSP00000339477,9606.ENSP00000347714,9606.ENSP00000356694,9606.ENSP00000384364,9606.ENSP00000385675,9606.ENSP00000436423,9606.ENSP00000436607	TNFRSF1A,PI3,FABP4,FGF19,ICOSLG,FCAR,FASLG,NPY,IL6,GNLY,ADM
GO:0042531	Positive regulation of tyrosine phosphorylation of STAT protein	5	65	1.47	0.00025	9606.ENSP00000162749,9606.ENSP00000215781,9606.ENSP00000288135,9606.ENSP00000312652,9606.ENSP00000385675	TNFRSF1A,OSM,KIT,LEP,IL6
GO:0043408	Regulation of MAPK cascade	11	668	0.8	0.00025	9606.ENSP00000215781,9606.ENSP00000222390,9606.ENSP00000288135,9606.ENSP00000294312,9606.ENSP00000312652,9606.ENSP00000375616,9606.ENSP00000378118,9606.ENSP00000384364,9606.ENSP00000385675,9606.ENSP00000404236,9606.ENSP00000471477	OSM,HGF,KIT,FGF19,LEP,LILRB4,CCL8,NPY,IL6,LILRA5,FGF21
GO:0050776	Regulation of immune response	12	844	0.74	0.00032	9606.ENSP00000288135,9606.ENSP00000312652,9606.ENSP00000339477,9606.ENSP00000347714,9606.ENSP00000363869,9606.ENSP00000366091,9606.ENSP00000375616,9606.ENSP00000384364,9606.ENSP00000385675,9606.ENSP00000387211,9606.ENSP00000420298,9606.ENSP00000498879	KIT,LEP,ICOSLG,FCAR,VSIG4,MOG,LILRB4,NPY,IL6,IL18R1,CD200,CD59
GO:0080134	Regulation of response to stress	15	1373	0.63	0.00032	9606.ENSP00000162749,9606.ENSP00000215781,9606.ENSP00000220809,9606.ENSP00000222390,9606.ENSP00000256104,9606.ENSP00000294312,9606.ENSP00000312652,9606.ENSP00000317272,9606.ENSP00000327824,9606.ENSP00000347714,9606.ENSP00000363869,9606.ENSP00000384364,9606.ENSP00000385675,9606.ENSP00000404236,9606.ENSP00000420298	TNFRSF1A,OSM,PLAT,HGF,FABP4,FGF19,LEP,MET,IFNLR1,FCAR,VSIG4,NPY,IL6,LILRA5,CD200
GO:0007169	Transmembrane receptor protein tyrosine kinase signaling pathway	9	425	0.91	0.00035	9606.ENSP00000220809,9606.ENSP00000222390,9606.ENSP00000275815,9606.ENSP00000288135,9606.ENSP00000294312,9606.ENSP00000317272,9606.ENSP00000414378,9606.ENSP00000451040,9606.ENSP00000471477	PLAT,HGF,EPHA1,KIT,FGF19,MET,EFNA4,PGF,FGF21
GO:0009966	Regulation of signal transduction	22	2978	0.46	0.00036	9606.ENSP00000162749,9606.ENSP00000215781,9606.ENSP00000221891,9606.ENSP00000222390,9606.ENSP00000248933,9606.ENSP00000259206,9606.ENSP00000276431,9606.ENSP00000288135,9606.ENSP00000294312,9606.ENSP00000308716,9606.ENSP00000312652,9606.ENSP00000317272,9606.ENSP00000356694,9606.ENSP00000375616,9606.ENSP00000378118,9606.ENSP00000384364,9606.ENSP00000385675,9606.ENSP00000387211,9606.ENSP00000404236,9606.ENSP00000436607,9606.ENSP00000471477,9606.ENSP00000499459	TNFRSF1A,OSM,APLP1,HGF,SEZ6L,IL1RN,TNFRSF10B,KIT,FGF19,INHBC,LEP,MET,FASLG,LILRB4,CCL8,NPY,IL6,IL18R1,LILRA5,ADM,FGF21,IL19
GO:0048585	Negative regulation of response to stimulus	16	1612	0.58	0.00041	9606.ENSP00000002829,9606.ENSP00000162749,9606.ENSP00000220809,9606.ENSP00000221891,9606.ENSP00000222390,9606.ENSP00000259206,9606.ENSP00000312652,9606.ENSP00000317272,9606.ENSP00000363869,9606.ENSP00000375616,9606.ENSP00000384364,9606.ENSP00000385675,9606.ENSP00000420298,9606.ENSP00000436607,9606.ENSP00000498879,9606.ENSP00000499459	SEMA3F,TNFRSF1A,PLAT,APLP1,HGF,IL1RN,LEP,MET,VSIG4,LILRB4,NPY,IL6,CD200,ADM,CD59,IL19
GO:0035295	Tube development	12	880	0.72	0.00045	9606.ENSP00000222271,9606.ENSP00000275815,9606.ENSP00000288135,9606.ENSP00000312652,9606.ENSP00000317272,9606.ENSP00000330393,9606.ENSP00000333769,9606.ENSP00000352288,9606.ENSP00000355995,9606.ENSP00000384364,9606.ENSP00000436607,9606.ENSP00000451040	COMP,EPHA1,KIT,LEP,MET,LEPR,BSG,PLXNB2,HSD11B1,NPY,ADM,PGF
GO:0009893	Positive regulation of metabolic process	25	3847	0.4	0.00047	9606.ENSP00000162749,9606.ENSP00000215781,9606.ENSP00000217386,9606.ENSP00000222390,9606.ENSP00000256104,9606.ENSP00000275815,9606.ENSP00000276431,9606.ENSP00000288135,9606.ENSP00000294312,9606.ENSP00000308716,9606.ENSP00000312652,9606.ENSP00000317272,9606.ENSP00000327824,9606.ENSP00000330393,9606.ENSP00000333769,9606.ENSP00000352288,9606.ENSP00000356694,9606.ENSP00000384364,9606.ENSP00000385675,9606.ENSP00000387211,9606.ENSP00000404236,9606.ENSP00000420298,9606.ENSP00000436607,9606.ENSP00000451040,9606.ENSP00000471477	TNFRSF1A,OSM,OXT,HGF,FABP4,EPHA1,TNFRSF10B,KIT,FGF19,INHBC,LEP,MET,IFNLR1,LEPR,BSG,PLXNB2,FASLG,NPY,IL6,IL18R1,LILRA5,CD200,ADM,PGF,FGF21
GO:0032103	Positive regulation of response to external stimulus	9	453	0.89	0.00051	9606.ENSP00000162749,9606.ENSP00000215781,9606.ENSP00000220809,9606.ENSP00000256104,9606.ENSP00000317272,9606.ENSP00000384364,9606.ENSP00000385675,9606.ENSP00000404236,9606.ENSP00000451040	TNFRSF1A,OSM,PLAT,FABP4,MET,NPY,IL6,LILRA5,PGF
GO:0048731	System development	25	3867	0.4	0.00051	9606.ENSP00000002829,9606.ENSP00000162749,9606.ENSP00000217386,9606.ENSP00000221891,9606.ENSP00000222271,9606.ENSP00000222390,9606.ENSP00000248933,9606.ENSP00000275815,9606.ENSP00000288135,9606.ENSP00000294312,9606.ENSP00000312652,9606.ENSP00000317272,9606.ENSP00000330393,9606.ENSP00000333769,9606.ENSP00000352288,9606.ENSP00000355995,9606.ENSP00000356694,9606.ENSP00000366091,9606.ENSP00000375616,9606.ENSP00000384364,9606.ENSP00000385675,9606.ENSP00000387211,9606.ENSP00000414378,9606.ENSP00000436607,9606.ENSP00000451040	SEMA3F,TNFRSF1A,OXT,APLP1,COMP,HGF,SEZ6L,EPHA1,KIT,FGF19,LEP,MET,LEPR,BSG,PLXNB2,HSD11B1,FASLG,MOG,LILRB4,NPY,IL6,IL18R1,EFNA4,ADM,PGF
GO:0120161	Regulation of cold-induced thermogenesis	6	146	1.2	0.00052	9606.ENSP00000217386,9606.ENSP00000256104,9606.ENSP00000312652,9606.ENSP00000330393,9606.ENSP00000387211,9606.ENSP00000471477	OXT,FABP4,LEP,LEPR,IL18R1,FGF21
GO:0009725	Response to hormone	11	762	0.75	0.00070	9606.ENSP00000217386,9606.ENSP00000220809,9606.ENSP00000259206,9606.ENSP00000288135,9606.ENSP00000312652,9606.ENSP00000330393,9606.ENSP00000333769,9606.ENSP00000385675,9606.ENSP00000436607,9606.ENSP00000451040,9606.ENSP00000471477	OXT,PLAT,IL1RN,KIT,LEP,LEPR,BSG,IL6,ADM,PGF,FGF21
GO:0001819	Positive regulation of cytokine production	9	482	0.86	0.00080	9606.ENSP00000215781,9606.ENSP00000222390,9606.ENSP00000288135,9606.ENSP00000312652,9606.ENSP00000333769,9606.ENSP00000385675,9606.ENSP00000387211,9606.ENSP00000404236,9606.ENSP00000420298	OSM,HGF,KIT,LEP,BSG,IL6,IL18R1,LILRA5,CD200
GO:0051247	Positive regulation of protein metabolic process	15	1512	0.58	0.00086	9606.ENSP00000162749,9606.ENSP00000215781,9606.ENSP00000222390,9606.ENSP00000276431,9606.ENSP00000288135,9606.ENSP00000294312,9606.ENSP00000308716,9606.ENSP00000312652,9606.ENSP00000330393,9606.ENSP00000352288,9606.ENSP00000356694,9606.ENSP00000385675,9606.ENSP00000404236,9606.ENSP00000451040,9606.ENSP00000471477	TNFRSF1A,OSM,HGF,TNFRSF10B,KIT,FGF19,INHBC,LEP,LEPR,PLXNB2,FASLG,IL6,LILRA5,PGF,FGF21
GO:0048522	Positive regulation of cellular process	30	5584	0.32	0.0010	9606.ENSP00000002829,9606.ENSP00000162749,9606.ENSP00000215781,9606.ENSP00000217386,9606.ENSP00000222271,9606.ENSP00000222390,9606.ENSP00000275815,9606.ENSP00000276431,9606.ENSP00000288135,9606.ENSP00000294312,9606.ENSP00000308716,9606.ENSP00000312652,9606.ENSP00000317272,9606.ENSP00000327824,9606.ENSP00000330393,9606.ENSP00000333769,9606.ENSP00000339477,9606.ENSP00000347714,9606.ENSP00000352288,9606.ENSP00000356694,9606.ENSP00000375616,9606.ENSP00000378118,9606.ENSP00000384364,9606.ENSP00000385675,9606.ENSP00000387211,9606.ENSP00000404236,9606.ENSP00000436607,9606.ENSP00000451040,9606.ENSP00000471477,9606.ENSP00000499459	SEMA3F,TNFRSF1A,OSM,OXT,COMP,HGF,EPHA1,TNFRSF10B,KIT,FGF19,INHBC,LEP,MET,IFNLR1,LEPR,BSG,ICOSLG,FCAR,PLXNB2,FASLG,LILRB4,CCL8,NPY,IL6,IL18R1,LILRA5,ADM,PGF,FGF21,IL19
GO:0050727	Regulation of inflammatory response	8	371	0.92	0.0010	9606.ENSP00000162749,9606.ENSP00000215781,9606.ENSP00000222390,9606.ENSP00000256104,9606.ENSP00000384364,9606.ENSP00000385675,9606.ENSP00000404236,9606.ENSP00000420298	TNFRSF1A,OSM,HGF,FABP4,NPY,IL6,LILRA5,CD200
GO:0006959	Humoral immune response	7	268	1.0	0.0012	9606.ENSP00000243924,9606.ENSP00000363869,9606.ENSP00000378118,9606.ENSP00000384364,9606.ENSP00000385675,9606.ENSP00000436423,9606.ENSP00000436607	PI3,VSIG4,CCL8,NPY,IL6,GNLY,ADM
GO:0009719	Response to endogenous stimulus	14	1363	0.6	0.0012	9606.ENSP00000217386,9606.ENSP00000220809,9606.ENSP00000221891,9606.ENSP00000222271,9606.ENSP00000259206,9606.ENSP00000288135,9606.ENSP00000294312,9606.ENSP00000312652,9606.ENSP00000330393,9606.ENSP00000333769,9606.ENSP00000385675,9606.ENSP00000436607,9606.ENSP00000451040,9606.ENSP00000471477	OXT,PLAT,APLP1,COMP,IL1RN,KIT,FGF19,LEP,LEPR,BSG,IL6,ADM,PGF,FGF21
GO:0070663	Regulation of leukocyte proliferation	7	271	1.0	0.0012	9606.ENSP00000288135,9606.ENSP00000312652,9606.ENSP00000339477,9606.ENSP00000363869,9606.ENSP00000375616,9606.ENSP00000378118,9606.ENSP00000385675	KIT,LEP,ICOSLG,VSIG4,LILRB4,CCL8,IL6
GO:0098542	Defense response to other organism	12	989	0.67	0.0012	9606.ENSP00000162749,9606.ENSP00000243924,9606.ENSP00000327824,9606.ENSP00000347714,9606.ENSP00000356694,9606.ENSP00000363869,9606.ENSP00000378118,9606.ENSP00000384364,9606.ENSP00000385675,9606.ENSP00000404236,9606.ENSP00000436423,9606.ENSP00000436607	TNFRSF1A,PI3,IFNLR1,FCAR,FASLG,VSIG4,CCL8,NPY,IL6,LILRA5,GNLY,ADM
GO:0120162	Positive regulation of cold-induced thermogenesis	5	97	1.3	0.0012	9606.ENSP00000217386,9606.ENSP00000256104,9606.ENSP00000312652,9606.ENSP00000330393,9606.ENSP00000471477	OXT,FABP4,LEP,LEPR,FGF21
GO:0032102	Negative regulation of response to external stimulus	8	387	0.9	0.0013	9606.ENSP00000002829,9606.ENSP00000162749,9606.ENSP00000220809,9606.ENSP00000222390,9606.ENSP00000312652,9606.ENSP00000363869,9606.ENSP00000384364,9606.ENSP00000420298	SEMA3F,TNFRSF1A,PLAT,HGF,LEP,VSIG4,NPY,CD200
GO:0030335	Positive regulation of cell migration	9	529	0.82	0.0015	9606.ENSP00000002829,9606.ENSP00000222390,9606.ENSP00000275815,9606.ENSP00000288135,9606.ENSP00000317272,9606.ENSP00000333769,9606.ENSP00000378118,9606.ENSP00000385675,9606.ENSP00000451040	SEMA3F,HGF,EPHA1,KIT,MET,BSG,CCL8,IL6,PGF
GO:0048523	Negative regulation of cellular process	27	4736	0.34	0.0015	9606.ENSP00000002829,9606.ENSP00000162749,9606.ENSP00000215781,9606.ENSP00000221891,9606.ENSP00000222271,9606.ENSP00000222390,9606.ENSP00000256104,9606.ENSP00000259206,9606.ENSP00000275815,9606.ENSP00000288135,9606.ENSP00000294312,9606.ENSP00000312652,9606.ENSP00000317272,9606.ENSP00000327824,9606.ENSP00000330393,9606.ENSP00000339477,9606.ENSP00000352288,9606.ENSP00000356694,9606.ENSP00000363869,9606.ENSP00000375616,9606.ENSP00000378118,9606.ENSP00000384364,9606.ENSP00000385675,9606.ENSP00000420298,9606.ENSP00000436607,9606.ENSP00000471477,9606.ENSP00000499459	SEMA3F,TNFRSF1A,OSM,APLP1,COMP,HGF,FABP4,IL1RN,EPHA1,KIT,FGF19,LEP,MET,IFNLR1,LEPR,ICOSLG,PLXNB2,FASLG,VSIG4,LILRB4,CCL8,NPY,IL6,CD200,ADM,FGF21,IL19
GO:2000026	Regulation of multicellular organismal development	14	1389	0.59	0.0015	9606.ENSP00000002829,9606.ENSP00000162749,9606.ENSP00000217386,9606.ENSP00000222271,9606.ENSP00000222390,9606.ENSP00000275815,9606.ENSP00000288135,9606.ENSP00000312652,9606.ENSP00000352288,9606.ENSP00000356694,9606.ENSP00000375616,9606.ENSP00000385675,9606.ENSP00000436607,9606.ENSP00000451040	SEMA3F,TNFRSF1A,OXT,COMP,HGF,EPHA1,KIT,LEP,PLXNB2,FASLG,LILRB4,IL6,ADM,PGF
GO:0001775	Cell activation	10	693	0.75	0.0017	9606.ENSP00000220809,9606.ENSP00000222271,9606.ENSP00000288135,9606.ENSP00000312652,9606.ENSP00000330393,9606.ENSP00000339477,9606.ENSP00000347714,9606.ENSP00000384364,9606.ENSP00000385675,9606.ENSP00000387211	PLAT,COMP,KIT,LEP,LEPR,ICOSLG,FCAR,NPY,IL6,IL18R1
GO:0006954	Inflammatory response	9	538	0.81	0.0017	9606.ENSP00000162749,9606.ENSP00000259206,9606.ENSP00000288135,9606.ENSP00000341141,9606.ENSP00000352071,9606.ENSP00000378118,9606.ENSP00000385675,9606.ENSP00000387211,9606.ENSP00000436607	TNFRSF1A,IL1RN,KIT,SIGLEC1,CD163,CCL8,IL6,IL18R1,ADM
GO:0019222	Regulation of metabolic process	33	6784	0.27	0.0017	9606.ENSP00000162749,9606.ENSP00000215781,9606.ENSP00000217386,9606.ENSP00000220809,9606.ENSP00000221891,9606.ENSP00000222271,9606.ENSP00000222390,9606.ENSP00000243924,9606.ENSP00000256104,9606.ENSP00000275815,9606.ENSP00000276431,9606.ENSP00000288135,9606.ENSP00000294312,9606.ENSP00000308716,9606.ENSP00000312652,9606.ENSP00000317272,9606.ENSP00000327824,9606.ENSP00000330393,9606.ENSP00000333769,9606.ENSP00000339477,9606.ENSP00000352288,9606.ENSP00000356694,9606.ENSP00000363869,9606.ENSP00000366091,9606.ENSP00000375616,9606.ENSP00000384364,9606.ENSP00000385675,9606.ENSP00000387211,9606.ENSP00000404236,9606.ENSP00000420298,9606.ENSP00000436607,9606.ENSP00000451040,9606.ENSP00000471477	TNFRSF1A,OSM,OXT,PLAT,APLP1,COMP,HGF,PI3,FABP4,EPHA1,TNFRSF10B,KIT,FGF19,INHBC,LEP,MET,IFNLR1,LEPR,BSG,ICOSLG,PLXNB2,FASLG,VSIG4,MOG,LILRB4,NPY,IL6,IL18R1,LILRA5,CD200,ADM,PGF,FGF21
GO:0045765	Regulation of angiogenesis	7	288	0.97	0.0017	9606.ENSP00000222390,9606.ENSP00000275815,9606.ENSP00000312652,9606.ENSP00000356694,9606.ENSP00000385675,9606.ENSP00000436607,9606.ENSP00000451040	HGF,EPHA1,LEP,FASLG,IL6,ADM,PGF
GO:0002682	Regulation of immune system process	14	1438	0.58	0.0020	9606.ENSP00000288135,9606.ENSP00000312652,9606.ENSP00000339477,9606.ENSP00000347714,9606.ENSP00000363869,9606.ENSP00000366091,9606.ENSP00000375616,9606.ENSP00000378118,9606.ENSP00000384364,9606.ENSP00000385675,9606.ENSP00000387211,9606.ENSP00000420298,9606.ENSP00000451040,9606.ENSP00000498879	KIT,LEP,ICOSLG,FCAR,VSIG4,MOG,LILRB4,CCL8,NPY,IL6,IL18R1,CD200,PGF,CD59
GO:0002684	Positive regulation of immune system process	11	874	0.69	0.0020	9606.ENSP00000288135,9606.ENSP00000312652,9606.ENSP00000339477,9606.ENSP00000347714,9606.ENSP00000363869,9606.ENSP00000366091,9606.ENSP00000375616,9606.ENSP00000378118,9606.ENSP00000385675,9606.ENSP00000387211,9606.ENSP00000451040	KIT,LEP,ICOSLG,FCAR,VSIG4,MOG,LILRB4,CCL8,IL6,IL18R1,PGF
GO:0010941	Regulation of cell death	15	1651	0.55	0.0020	9606.ENSP00000162749,9606.ENSP00000222271,9606.ENSP00000222390,9606.ENSP00000276431,9606.ENSP00000288135,9606.ENSP00000312652,9606.ENSP00000317272,9606.ENSP00000347714,9606.ENSP00000356694,9606.ENSP00000384364,9606.ENSP00000385675,9606.ENSP00000420298,9606.ENSP00000436607,9606.ENSP00000471477,9606.ENSP00000499459	TNFRSF1A,COMP,HGF,TNFRSF10B,KIT,LEP,MET,FCAR,FASLG,NPY,IL6,CD200,ADM,FGF21,IL19
GO:0007267	Cell-cell signaling	12	1079	0.63	0.0025	9606.ENSP00000220809,9606.ENSP00000222390,9606.ENSP00000259206,9606.ENSP00000312652,9606.ENSP00000356694,9606.ENSP00000378118,9606.ENSP00000384364,9606.ENSP00000385675,9606.ENSP00000414378,9606.ENSP00000436607,9606.ENSP00000451040,9606.ENSP00000471477	PLAT,HGF,IL1RN,LEP,FASLG,CCL8,NPY,IL6,EFNA4,ADM,PGF,FGF21
GO:0048468	Cell development	15	1719	0.53	0.0031	9606.ENSP00000002829,9606.ENSP00000221891,9606.ENSP00000222271,9606.ENSP00000275815,9606.ENSP00000288135,9606.ENSP00000294312,9606.ENSP00000312652,9606.ENSP00000317272,9606.ENSP00000333769,9606.ENSP00000352288,9606.ENSP00000356694,9606.ENSP00000384364,9606.ENSP00000385675,9606.ENSP00000414378,9606.ENSP00000436607	SEMA3F,APLP1,COMP,EPHA1,KIT,FGF19,LEP,MET,BSG,PLXNB2,FASLG,NPY,IL6,EFNA4,ADM
GO:0032653	Regulation of interleukin-10 production	4	60	1.41	0.0033	9606.ENSP00000222390,9606.ENSP00000375616,9606.ENSP00000385675,9606.ENSP00000404236	HGF,LILRB4,IL6,LILRA5
GO:0048513	Animal organ development	21	3246	0.4	0.0038	9606.ENSP00000002829,9606.ENSP00000162749,9606.ENSP00000217386,9606.ENSP00000221891,9606.ENSP00000222271,9606.ENSP00000222390,9606.ENSP00000288135,9606.ENSP00000294312,9606.ENSP00000312652,9606.ENSP00000317272,9606.ENSP00000330393,9606.ENSP00000333769,9606.ENSP00000352288,9606.ENSP00000355995,9606.ENSP00000356694,9606.ENSP00000384364,9606.ENSP00000385675,9606.ENSP00000387211,9606.ENSP00000436607,9606.ENSP00000451040,9606.ENSP00000471477	SEMA3F,TNFRSF1A,OXT,APLP1,COMP,HGF,KIT,FGF19,LEP,MET,LEPR,BSG,PLXNB2,HSD11B1,FASLG,NPY,IL6,IL18R1,ADM,PGF,FGF21
GO:0009653	Anatomical structure morphogenesis	17	2229	0.47	0.0040	9606.ENSP00000002829,9606.ENSP00000221891,9606.ENSP00000222271,9606.ENSP00000222390,9606.ENSP00000275815,9606.ENSP00000294312,9606.ENSP00000312652,9606.ENSP00000317272,9606.ENSP00000330393,9606.ENSP00000333769,9606.ENSP00000352288,9606.ENSP00000356694,9606.ENSP00000385675,9606.ENSP00000414378,9606.ENSP00000436607,9606.ENSP00000451040,9606.ENSP00000471477	SEMA3F,APLP1,COMP,HGF,EPHA1,FGF19,LEP,MET,LEPR,BSG,PLXNB2,FASLG,IL6,EFNA4,ADM,PGF,FGF21
GO:0010628	Positive regulation of gene expression	12	1146	0.61	0.0043	9606.ENSP00000215781,9606.ENSP00000222390,9606.ENSP00000288135,9606.ENSP00000294312,9606.ENSP00000312652,9606.ENSP00000333769,9606.ENSP00000352288,9606.ENSP00000385675,9606.ENSP00000387211,9606.ENSP00000404236,9606.ENSP00000420298,9606.ENSP00000471477	OSM,HGF,KIT,FGF19,LEP,BSG,PLXNB2,IL6,IL18R1,LILRA5,CD200,FGF21
GO:0007155	Cell adhesion	11	965	0.64	0.0045	9606.ENSP00000221891,9606.ENSP00000222271,9606.ENSP00000275815,9606.ENSP00000288135,9606.ENSP00000289746,9606.ENSP00000312652,9606.ENSP00000333769,9606.ENSP00000341141,9606.ENSP00000352288,9606.ENSP00000366091,9606.ENSP00000420298	APLP1,COMP,EPHA1,KIT,CDH15,LEP,BSG,SIGLEC1,PLXNB2,MOG,CD200
GO:0031100	Animal organ regeneration	4	67	1.36	0.0048	9606.ENSP00000222390,9606.ENSP00000385675,9606.ENSP00000436607,9606.ENSP00000451040	HGF,IL6,ADM,PGF
GO:0014823	Response to activity	4	68	1.36	0.0050	9606.ENSP00000217386,9606.ENSP00000312652,9606.ENSP00000385675,9606.ENSP00000471477	OXT,LEP,IL6,FGF21
GO:0051384	Response to glucocorticoid	5	144	1.13	0.0057	9606.ENSP00000217386,9606.ENSP00000220809,9606.ENSP00000259206,9606.ENSP00000385675,9606.ENSP00000436607	OXT,PLAT,IL1RN,IL6,ADM
GO:0050729	Positive regulation of inflammatory response	5	145	1.12	0.0058	9606.ENSP00000162749,9606.ENSP00000215781,9606.ENSP00000256104,9606.ENSP00000385675,9606.ENSP00000404236	TNFRSF1A,OSM,FABP4,IL6,LILRA5
GO:0042592	Homeostatic process	13	1406	0.55	0.0064	9606.ENSP00000222271,9606.ENSP00000256104,9606.ENSP00000288135,9606.ENSP00000307508,9606.ENSP00000312652,9606.ENSP00000317272,9606.ENSP00000330393,9606.ENSP00000333769,9606.ENSP00000356694,9606.ENSP00000378118,9606.ENSP00000385675,9606.ENSP00000436607,9606.ENSP00000471477	COMP,FABP4,KIT,CALB2,LEP,MET,LEPR,BSG,FASLG,CCL8,IL6,ADM,FGF21
GO:0019730	Antimicrobial humoral response	5	149	1.11	0.0065	9606.ENSP00000243924,9606.ENSP00000378118,9606.ENSP00000384364,9606.ENSP00000436423,9606.ENSP00000436607	PI3,CCL8,NPY,GNLY,ADM
GO:0043065	Positive regulation of apoptotic process	8	507	0.78	0.0065	9606.ENSP00000162749,9606.ENSP00000276431,9606.ENSP00000312652,9606.ENSP00000347714,9606.ENSP00000356694,9606.ENSP00000385675,9606.ENSP00000436607,9606.ENSP00000499459	TNFRSF1A,TNFRSF10B,LEP,FCAR,FASLG,IL6,ADM,IL19
GO:0050878	Regulation of body fluid levels	7	371	0.86	0.0067	9606.ENSP00000217386,9606.ENSP00000220809,9606.ENSP00000222271,9606.ENSP00000317272,9606.ENSP00000385675,9606.ENSP00000436607,9606.ENSP00000498879	OXT,PLAT,COMP,MET,IL6,ADM,CD59
GO:0035239	Tube morphogenesis	9	669	0.72	0.0070	9606.ENSP00000222271,9606.ENSP00000275815,9606.ENSP00000312652,9606.ENSP00000317272,9606.ENSP00000330393,9606.ENSP00000333769,9606.ENSP00000352288,9606.ENSP00000436607,9606.ENSP00000451040	COMP,EPHA1,LEP,MET,LEPR,BSG,PLXNB2,ADM,PGF
GO:0048666	Neuron development	10	840	0.66	0.0070	9606.ENSP00000002829,9606.ENSP00000221891,9606.ENSP00000275815,9606.ENSP00000312652,9606.ENSP00000333769,9606.ENSP00000352288,9606.ENSP00000384364,9606.ENSP00000385675,9606.ENSP00000414378,9606.ENSP00000436607	SEMA3F,APLP1,EPHA1,LEP,BSG,PLXNB2,NPY,IL6,EFNA4,ADM
GO:0031175	Neuron projection development	9	674	0.71	0.0073	9606.ENSP00000002829,9606.ENSP00000221891,9606.ENSP00000275815,9606.ENSP00000333769,9606.ENSP00000352288,9606.ENSP00000384364,9606.ENSP00000385675,9606.ENSP00000414378,9606.ENSP00000436607	SEMA3F,APLP1,EPHA1,BSG,PLXNB2,NPY,IL6,EFNA4,ADM
GO:0002697	Regulation of immune effector process	7	383	0.85	0.0078	9606.ENSP00000288135,9606.ENSP00000312652,9606.ENSP00000363869,9606.ENSP00000375616,9606.ENSP00000385675,9606.ENSP00000387211,9606.ENSP00000498879	KIT,LEP,VSIG4,LILRB4,IL6,IL18R1,CD59
GO:0014068	Positive regulation of phosphatidylinositol 3-kinase signaling	4	79	1.29	0.0079	9606.ENSP00000215781,9606.ENSP00000222390,9606.ENSP00000288135,9606.ENSP00000312652	OSM,HGF,KIT,LEP
GO:0050794	Regulation of cellular process	42	11025	0.17	0.0085	9606.ENSP00000002829,9606.ENSP00000162749,9606.ENSP00000215781,9606.ENSP00000217386,9606.ENSP00000220809,9606.ENSP00000221891,9606.ENSP00000222271,9606.ENSP00000222390,9606.ENSP00000248933,9606.ENSP00000256104,9606.ENSP00000259206,9606.ENSP00000275815,9606.ENSP00000276431,9606.ENSP00000288135,9606.ENSP00000294312,9606.ENSP00000307508,9606.ENSP00000308716,9606.ENSP00000312652,9606.ENSP00000317272,9606.ENSP00000327824,9606.ENSP00000330393,9606.ENSP00000333769,9606.ENSP00000339477,9606.ENSP00000347714,9606.ENSP00000352288,9606.ENSP00000356694,9606.ENSP00000363869,9606.ENSP00000366091,9606.ENSP00000367001,9606.ENSP00000375616,9606.ENSP00000378118,9606.ENSP00000384364,9606.ENSP00000385675,9606.ENSP00000387211,9606.ENSP00000404236,9606.ENSP00000414378,9606.ENSP00000420298,9606.ENSP00000436607,9606.ENSP00000451040,9606.ENSP00000471477,9606.ENSP00000498879,9606.ENSP00000499459	SEMA3F,TNFRSF1A,OSM,OXT,PLAT,APLP1,COMP,HGF,SEZ6L,FABP4,IL1RN,EPHA1,TNFRSF10B,KIT,FGF19,CALB2,INHBC,LEP,MET,IFNLR1,LEPR,BSG,ICOSLG,FCAR,PLXNB2,FASLG,VSIG4,MOG,DPP6,LILRB4,CCL8,NPY,IL6,IL18R1,LILRA5,EFNA4,CD200,ADM,PGF,FGF21,CD59,IL19
GO:0030182	Neuron differentiation	11	1062	0.6	0.0093	9606.ENSP00000002829,9606.ENSP00000221891,9606.ENSP00000275815,9606.ENSP00000312652,9606.ENSP00000317272,9606.ENSP00000333769,9606.ENSP00000352288,9606.ENSP00000384364,9606.ENSP00000385675,9606.ENSP00000414378,9606.ENSP00000436607	SEMA3F,APLP1,EPHA1,LEP,MET,BSG,PLXNB2,NPY,IL6,EFNA4,ADM
GO:0051048	Negative regulation of secretion	5	164	1.07	0.0093	9606.ENSP00000162749,9606.ENSP00000215781,9606.ENSP00000217386,9606.ENSP00000312652,9606.ENSP00000420298	TNFRSF1A,OSM,OXT,LEP,CD200
GO:0098609	Cell-cell adhesion	8	542	0.76	0.0094	9606.ENSP00000222271,9606.ENSP00000288135,9606.ENSP00000289746,9606.ENSP00000312652,9606.ENSP00000333769,9606.ENSP00000341141,9606.ENSP00000352288,9606.ENSP00000420298	COMP,KIT,CDH15,LEP,BSG,SIGLEC1,PLXNB2,CD200
GO:0008285	Negative regulation of cell population proliferation	9	713	0.69	0.0102	9606.ENSP00000215781,9606.ENSP00000327824,9606.ENSP00000339477,9606.ENSP00000363869,9606.ENSP00000375616,9606.ENSP00000378118,9606.ENSP00000385675,9606.ENSP00000420298,9606.ENSP00000436607	OSM,IFNLR1,ICOSLG,VSIG4,LILRB4,CCL8,IL6,CD200,ADM
GO:0030154	Cell differentiation	21	3507	0.36	0.0102	9606.ENSP00000002829,9606.ENSP00000221891,9606.ENSP00000222271,9606.ENSP00000222390,9606.ENSP00000256104,9606.ENSP00000275815,9606.ENSP00000288135,9606.ENSP00000294312,9606.ENSP00000312652,9606.ENSP00000317272,9606.ENSP00000330393,9606.ENSP00000333769,9606.ENSP00000352288,9606.ENSP00000356694,9606.ENSP00000384364,9606.ENSP00000385675,9606.ENSP00000387211,9606.ENSP00000414378,9606.ENSP00000436607,9606.ENSP00000451040,9606.ENSP00000471477	SEMA3F,APLP1,COMP,HGF,FABP4,EPHA1,KIT,FGF19,LEP,MET,LEPR,BSG,PLXNB2,FASLG,NPY,IL6,IL18R1,EFNA4,ADM,PGF,FGF21
GO:0043067	Regulation of programmed cell death	13	1492	0.53	0.0102	9606.ENSP00000162749,9606.ENSP00000222271,9606.ENSP00000222390,9606.ENSP00000276431,9606.ENSP00000288135,9606.ENSP00000312652,9606.ENSP00000317272,9606.ENSP00000347714,9606.ENSP00000356694,9606.ENSP00000385675,9606.ENSP00000436607,9606.ENSP00000471477,9606.ENSP00000499459	TNFRSF1A,COMP,HGF,TNFRSF10B,KIT,LEP,MET,FCAR,FASLG,IL6,ADM,FGF21,IL19
GO:0098868	Bone growth	3	30	1.59	0.0102	9606.ENSP00000222271,9606.ENSP00000312652,9606.ENSP00000330393	COMP,LEP,LEPR
GO:0007565	Female pregnancy	5	170	1.06	0.0103	9606.ENSP00000217386,9606.ENSP00000312652,9606.ENSP00000333769,9606.ENSP00000436607,9606.ENSP00000451040	OXT,LEP,BSG,ADM,PGF
GO:0032940	Secretion by cell	7	406	0.82	0.0103	9606.ENSP00000222271,9606.ENSP00000259206,9606.ENSP00000288135,9606.ENSP00000312652,9606.ENSP00000378118,9606.ENSP00000385675,9606.ENSP00000436607	COMP,IL1RN,KIT,LEP,CCL8,IL6,ADM
GO:0010507	Negative regulation of autophagy	4	87	1.25	0.0104	9606.ENSP00000222390,9606.ENSP00000312652,9606.ENSP00000317272,9606.ENSP00000330393	HGF,LEP,MET,LEPR
GO:0030217	T cell differentiation	5	171	1.05	0.0104	9606.ENSP00000288135,9606.ENSP00000312652,9606.ENSP00000330393,9606.ENSP00000385675,9606.ENSP00000387211	KIT,LEP,LEPR,IL6,IL18R1
GO:0022008	Neurogenesis	12	1290	0.56	0.0105	9606.ENSP00000002829,9606.ENSP00000221891,9606.ENSP00000275815,9606.ENSP00000312652,9606.ENSP00000317272,9606.ENSP00000330393,9606.ENSP00000333769,9606.ENSP00000352288,9606.ENSP00000384364,9606.ENSP00000385675,9606.ENSP00000414378,9606.ENSP00000436607	SEMA3F,APLP1,EPHA1,LEP,MET,LEPR,BSG,PLXNB2,NPY,IL6,EFNA4,ADM
GO:0072359	Circulatory system development	10	901	0.63	0.0107	9606.ENSP00000162749,9606.ENSP00000217386,9606.ENSP00000222271,9606.ENSP00000275815,9606.ENSP00000294312,9606.ENSP00000312652,9606.ENSP00000330393,9606.ENSP00000333769,9606.ENSP00000436607,9606.ENSP00000451040	TNFRSF1A,OXT,COMP,EPHA1,FGF19,LEP,LEPR,BSG,ADM,PGF
GO:0016477	Cell migration	10	903	0.63	0.0108	9606.ENSP00000002829,9606.ENSP00000220809,9606.ENSP00000222390,9606.ENSP00000288135,9606.ENSP00000294312,9606.ENSP00000312652,9606.ENSP00000317272,9606.ENSP00000333769,9606.ENSP00000378118,9606.ENSP00000385675	SEMA3F,PLAT,HGF,KIT,FGF19,LEP,MET,BSG,CCL8,IL6
GO:0048878	Chemical homeostasis	10	904	0.63	0.0108	9606.ENSP00000256104,9606.ENSP00000307508,9606.ENSP00000312652,9606.ENSP00000317272,9606.ENSP00000330393,9606.ENSP00000356694,9606.ENSP00000378118,9606.ENSP00000385675,9606.ENSP00000436607,9606.ENSP00000471477	FABP4,CALB2,LEP,MET,LEPR,FASLG,CCL8,IL6,ADM,FGF21
GO:0001818	Negative regulation of cytokine production	6	284	0.91	0.0109	9606.ENSP00000222390,9606.ENSP00000363869,9606.ENSP00000375616,9606.ENSP00000385675,9606.ENSP00000404236,9606.ENSP00000420298	HGF,VSIG4,LILRB4,IL6,LILRA5,CD200
GO:0018108	Peptidyl-tyrosine phosphorylation	5	176	1.04	0.0112	9606.ENSP00000275815,9606.ENSP00000288135,9606.ENSP00000312652,9606.ENSP00000317272,9606.ENSP00000414378	EPHA1,KIT,LEP,MET,EFNA4
GO:0009628	Response to abiotic stimulus	11	1107	0.58	0.0114	9606.ENSP00000162749,9606.ENSP00000217386,9606.ENSP00000220809,9606.ENSP00000276431,9606.ENSP00000288135,9606.ENSP00000300055,9606.ENSP00000312652,9606.ENSP00000339477,9606.ENSP00000384364,9606.ENSP00000436607,9606.ENSP00000451040	TNFRSF1A,OXT,PLAT,TNFRSF10B,KIT,PLIN1,LEP,ICOSLG,NPY,ADM,PGF
GO:0048514	Blood vessel morphogenesis	7	419	0.81	0.0114	9606.ENSP00000222271,9606.ENSP00000275815,9606.ENSP00000312652,9606.ENSP00000330393,9606.ENSP00000333769,9606.ENSP00000436607,9606.ENSP00000451040	COMP,EPHA1,LEP,LEPR,BSG,ADM,PGF
GO:0050789	Regulation of biological process	43	11655	0.15	0.0114	9606.ENSP00000002829,9606.ENSP00000162749,9606.ENSP00000215781,9606.ENSP00000217386,9606.ENSP00000220809,9606.ENSP00000221891,9606.ENSP00000222271,9606.ENSP00000222390,9606.ENSP00000243924,9606.ENSP00000248933,9606.ENSP00000256104,9606.ENSP00000259206,9606.ENSP00000275815,9606.ENSP00000276431,9606.ENSP00000288135,9606.ENSP00000294312,9606.ENSP00000307508,9606.ENSP00000308716,9606.ENSP00000312652,9606.ENSP00000317272,9606.ENSP00000327824,9606.ENSP00000330393,9606.ENSP00000333769,9606.ENSP00000339477,9606.ENSP00000347714,9606.ENSP00000352288,9606.ENSP00000356694,9606.ENSP00000363869,9606.ENSP00000366091,9606.ENSP00000367001,9606.ENSP00000375616,9606.ENSP00000378118,9606.ENSP00000384364,9606.ENSP00000385675,9606.ENSP00000387211,9606.ENSP00000404236,9606.ENSP00000414378,9606.ENSP00000420298,9606.ENSP00000436607,9606.ENSP00000451040,9606.ENSP00000471477,9606.ENSP00000498879,9606.ENSP00000499459	SEMA3F,TNFRSF1A,OSM,OXT,PLAT,APLP1,COMP,HGF,PI3,SEZ6L,FABP4,IL1RN,EPHA1,TNFRSF10B,KIT,FGF19,CALB2,INHBC,LEP,MET,IFNLR1,LEPR,BSG,ICOSLG,FCAR,PLXNB2,FASLG,VSIG4,MOG,DPP6,LILRB4,CCL8,NPY,IL6,IL18R1,LILRA5,EFNA4,CD200,ADM,PGF,FGF21,CD59,IL19
GO:0051338	Regulation of transferase activity	10	912	0.63	0.0114	9606.ENSP00000222390,9606.ENSP00000256104,9606.ENSP00000275815,9606.ENSP00000276431,9606.ENSP00000288135,9606.ENSP00000312652,9606.ENSP00000317272,9606.ENSP00000375616,9606.ENSP00000404236,9606.ENSP00000420298	HGF,FABP4,EPHA1,TNFRSF10B,KIT,LEP,MET,LILRB4,LILRA5,CD200
GO:0022603	Regulation of anatomical structure morphogenesis	10	920	0.62	0.0118	9606.ENSP00000002829,9606.ENSP00000222390,9606.ENSP00000275815,9606.ENSP00000288135,9606.ENSP00000312652,9606.ENSP00000352288,9606.ENSP00000356694,9606.ENSP00000385675,9606.ENSP00000436607,9606.ENSP00000451040	SEMA3F,HGF,EPHA1,KIT,LEP,PLXNB2,FASLG,IL6,ADM,PGF
GO:0045321	Leukocyte activation	8	574	0.73	0.0118	9606.ENSP00000288135,9606.ENSP00000312652,9606.ENSP00000330393,9606.ENSP00000339477,9606.ENSP00000347714,9606.ENSP00000384364,9606.ENSP00000385675,9606.ENSP00000387211	KIT,LEP,LEPR,ICOSLG,FCAR,NPY,IL6,IL18R1
GO:0046879	Hormone secretion	4	94	1.22	0.0124	9606.ENSP00000259206,9606.ENSP00000312652,9606.ENSP00000385675,9606.ENSP00000436607	IL1RN,LEP,IL6,ADM
GO:0048856	Anatomical structure development	26	5117	0.29	0.0125	9606.ENSP00000002829,9606.ENSP00000162749,9606.ENSP00000217386,9606.ENSP00000221891,9606.ENSP00000222271,9606.ENSP00000222390,9606.ENSP00000248933,9606.ENSP00000275815,9606.ENSP00000288135,9606.ENSP00000294312,9606.ENSP00000312652,9606.ENSP00000317272,9606.ENSP00000330393,9606.ENSP00000333769,9606.ENSP00000352288,9606.ENSP00000355995,9606.ENSP00000356694,9606.ENSP00000366091,9606.ENSP00000375616,9606.ENSP00000384364,9606.ENSP00000385675,9606.ENSP00000387211,9606.ENSP00000414378,9606.ENSP00000436607,9606.ENSP00000451040,9606.ENSP00000471477	SEMA3F,TNFRSF1A,OXT,APLP1,COMP,HGF,SEZ6L,EPHA1,KIT,FGF19,LEP,MET,LEPR,BSG,PLXNB2,HSD11B1,FASLG,MOG,LILRB4,NPY,IL6,IL18R1,EFNA4,ADM,PGF,FGF21
GO:0042110	T cell activation	6	298	0.89	0.0131	9606.ENSP00000288135,9606.ENSP00000312652,9606.ENSP00000330393,9606.ENSP00000339477,9606.ENSP00000385675,9606.ENSP00000387211	KIT,LEP,LEPR,ICOSLG,IL6,IL18R1
GO:0042129	Regulation of T cell proliferation	5	187	1.01	0.0136	9606.ENSP00000312652,9606.ENSP00000339477,9606.ENSP00000363869,9606.ENSP00000375616,9606.ENSP00000385675	LEP,ICOSLG,VSIG4,LILRB4,IL6
GO:2000660	Negative regulation of interleukin-1-mediated signaling pathway	2	5	2.19	0.0137	9606.ENSP00000259206,9606.ENSP00000385675	IL1RN,IL6
GO:0019218	Regulation of steroid metabolic process	4	98	1.2	0.0138	9606.ENSP00000288135,9606.ENSP00000294312,9606.ENSP00000312652,9606.ENSP00000436607	KIT,FGF19,LEP,ADM
GO:0032755	Positive regulation of interleukin-6 production	4	98	1.2	0.0138	9606.ENSP00000312652,9606.ENSP00000333769,9606.ENSP00000385675,9606.ENSP00000404236	LEP,BSG,IL6,LILRA5
GO:0042742	Defense response to bacterium	6	306	0.88	0.0143	9606.ENSP00000162749,9606.ENSP00000243924,9606.ENSP00000384364,9606.ENSP00000385675,9606.ENSP00000436423,9606.ENSP00000436607	TNFRSF1A,PI3,NPY,IL6,GNLY,ADM
GO:0065009	Regulation of molecular function	19	3085	0.38	0.0145	9606.ENSP00000222390,9606.ENSP00000243924,9606.ENSP00000256104,9606.ENSP00000259206,9606.ENSP00000275815,9606.ENSP00000276431,9606.ENSP00000288135,9606.ENSP00000312652,9606.ENSP00000317272,9606.ENSP00000330393,9606.ENSP00000352288,9606.ENSP00000356694,9606.ENSP00000375616,9606.ENSP00000378118,9606.ENSP00000385675,9606.ENSP00000387211,9606.ENSP00000404236,9606.ENSP00000420298,9606.ENSP00000471477	HGF,PI3,FABP4,IL1RN,EPHA1,TNFRSF10B,KIT,LEP,MET,LEPR,PLXNB2,FASLG,LILRB4,CCL8,IL6,IL18R1,LILRA5,CD200,FGF21
GO:0070664	Negative regulation of leukocyte proliferation	4	100	1.19	0.0145	9606.ENSP00000339477,9606.ENSP00000363869,9606.ENSP00000375616,9606.ENSP00000378118	ICOSLG,VSIG4,LILRB4,CCL8
GO:0065008	Regulation of biological quality	21	3654	0.35	0.0147	9606.ENSP00000002829,9606.ENSP00000215781,9606.ENSP00000217386,9606.ENSP00000220809,9606.ENSP00000222271,9606.ENSP00000256104,9606.ENSP00000259206,9606.ENSP00000288135,9606.ENSP00000307508,9606.ENSP00000312652,9606.ENSP00000317272,9606.ENSP00000330393,9606.ENSP00000333769,9606.ENSP00000356694,9606.ENSP00000378118,9606.ENSP00000384364,9606.ENSP00000385675,9606.ENSP00000387211,9606.ENSP00000436607,9606.ENSP00000471477,9606.ENSP00000498879	SEMA3F,OSM,OXT,PLAT,COMP,FABP4,IL1RN,KIT,CALB2,LEP,MET,LEPR,BSG,FASLG,CCL8,NPY,IL6,IL18R1,ADM,FGF21,CD59
GO:0002724	Regulation of T cell cytokine production	3	38	1.48	0.0153	9606.ENSP00000375616,9606.ENSP00000385675,9606.ENSP00000387211	LILRB4,IL6,IL18R1
GO:0043549	Regulation of kinase activity	9	778	0.65	0.0155	9606.ENSP00000222390,9606.ENSP00000256104,9606.ENSP00000275815,9606.ENSP00000276431,9606.ENSP00000288135,9606.ENSP00000312652,9606.ENSP00000317272,9606.ENSP00000375616,9606.ENSP00000404236	HGF,FABP4,EPHA1,TNFRSF10B,KIT,LEP,MET,LILRB4,LILRA5
GO:0031325	Positive regulation of cellular metabolic process	19	3114	0.37	0.0160	9606.ENSP00000162749,9606.ENSP00000215781,9606.ENSP00000222390,9606.ENSP00000275815,9606.ENSP00000276431,9606.ENSP00000288135,9606.ENSP00000294312,9606.ENSP00000308716,9606.ENSP00000312652,9606.ENSP00000317272,9606.ENSP00000327824,9606.ENSP00000330393,9606.ENSP00000352288,9606.ENSP00000384364,9606.ENSP00000385675,9606.ENSP00000404236,9606.ENSP00000436607,9606.ENSP00000451040,9606.ENSP00000471477	TNFRSF1A,OSM,HGF,EPHA1,TNFRSF10B,KIT,FGF19,INHBC,LEP,MET,IFNLR1,LEPR,PLXNB2,NPY,IL6,LILRA5,ADM,PGF,FGF21
GO:0030155	Regulation of cell adhesion	9	784	0.65	0.0161	9606.ENSP00000259206,9606.ENSP00000275815,9606.ENSP00000312652,9606.ENSP00000339477,9606.ENSP00000352288,9606.ENSP00000363869,9606.ENSP00000375616,9606.ENSP00000384364,9606.ENSP00000385675	IL1RN,EPHA1,LEP,ICOSLG,PLXNB2,VSIG4,LILRB4,NPY,IL6
GO:1901299	Negative regulation of hydrogen peroxide-mediated programmed cell death	2	6	2.11	0.0167	9606.ENSP00000222390,9606.ENSP00000317272	HGF,MET
GO:1904464	Regulation of matrix metallopeptidase secretion	2	6	2.11	0.0167	9606.ENSP00000333769,9606.ENSP00000420298	BSG,CD200
GO:0032733	Positive regulation of interleukin-10 production	3	40	1.46	0.0169	9606.ENSP00000222390,9606.ENSP00000385675,9606.ENSP00000404236	HGF,IL6,LILRA5
GO:0060255	Regulation of macromolecule metabolic process	29	6249	0.25	0.0169	9606.ENSP00000162749,9606.ENSP00000215781,9606.ENSP00000220809,9606.ENSP00000221891,9606.ENSP00000222271,9606.ENSP00000222390,9606.ENSP00000243924,9606.ENSP00000256104,9606.ENSP00000275815,9606.ENSP00000276431,9606.ENSP00000288135,9606.ENSP00000294312,9606.ENSP00000308716,9606.ENSP00000312652,9606.ENSP00000317272,9606.ENSP00000330393,9606.ENSP00000333769,9606.ENSP00000339477,9606.ENSP00000352288,9606.ENSP00000356694,9606.ENSP00000363869,9606.ENSP00000366091,9606.ENSP00000375616,9606.ENSP00000385675,9606.ENSP00000387211,9606.ENSP00000404236,9606.ENSP00000420298,9606.ENSP00000451040,9606.ENSP00000471477	TNFRSF1A,OSM,PLAT,APLP1,COMP,HGF,PI3,FABP4,EPHA1,TNFRSF10B,KIT,FGF19,INHBC,LEP,MET,LEPR,BSG,ICOSLG,PLXNB2,FASLG,VSIG4,MOG,LILRB4,IL6,IL18R1,LILRA5,CD200,PGF,FGF21
GO:0071526	Semaphorin-plexin signaling pathway	3	41	1.45	0.0178	9606.ENSP00000002829,9606.ENSP00000317272,9606.ENSP00000352288	SEMA3F,MET,PLXNB2
GO:0006953	Acute-phase response	3	42	1.44	0.0188	9606.ENSP00000259206,9606.ENSP00000352071,9606.ENSP00000385675	IL1RN,CD163,IL6
GO:0008625	Extrinsic apoptotic signaling pathway via death domain receptors	3	43	1.43	0.0199	9606.ENSP00000162749,9606.ENSP00000276431,9606.ENSP00000356694	TNFRSF1A,TNFRSF10B,FASLG
GO:0060326	Cell chemotaxis	5	210	0.96	0.0199	9606.ENSP00000222390,9606.ENSP00000288135,9606.ENSP00000333769,9606.ENSP00000378118,9606.ENSP00000385675	HGF,KIT,BSG,CCL8,IL6
GO:0061844	Antimicrobial humoral immune response mediated by antimicrobial peptide	4	113	1.14	0.0204	9606.ENSP00000378118,9606.ENSP00000384364,9606.ENSP00000436423,9606.ENSP00000436607	CCL8,NPY,GNLY,ADM
GO:0051336	Regulation of hydrolase activity	10	1011	0.58	0.0207	9606.ENSP00000222390,9606.ENSP00000243924,9606.ENSP00000275815,9606.ENSP00000288135,9606.ENSP00000317272,9606.ENSP00000330393,9606.ENSP00000352288,9606.ENSP00000356694,9606.ENSP00000378118,9606.ENSP00000420298	HGF,PI3,EPHA1,KIT,MET,LEPR,PLXNB2,FASLG,CCL8,CD200
GO:0032502	Developmental process	27	5657	0.27	0.0209	9606.ENSP00000002829,9606.ENSP00000162749,9606.ENSP00000217386,9606.ENSP00000221891,9606.ENSP00000222271,9606.ENSP00000222390,9606.ENSP00000248933,9606.ENSP00000256104,9606.ENSP00000275815,9606.ENSP00000288135,9606.ENSP00000294312,9606.ENSP00000312652,9606.ENSP00000317272,9606.ENSP00000330393,9606.ENSP00000333769,9606.ENSP00000352288,9606.ENSP00000355995,9606.ENSP00000356694,9606.ENSP00000366091,9606.ENSP00000375616,9606.ENSP00000384364,9606.ENSP00000385675,9606.ENSP00000387211,9606.ENSP00000414378,9606.ENSP00000436607,9606.ENSP00000451040,9606.ENSP00000471477	SEMA3F,TNFRSF1A,OXT,APLP1,COMP,HGF,SEZ6L,FABP4,EPHA1,KIT,FGF19,LEP,MET,LEPR,BSG,PLXNB2,HSD11B1,FASLG,MOG,LILRB4,NPY,IL6,IL18R1,EFNA4,ADM,PGF,FGF21
GO:0060548	Negative regulation of cell death	10	1016	0.58	0.0213	9606.ENSP00000222271,9606.ENSP00000222390,9606.ENSP00000288135,9606.ENSP00000312652,9606.ENSP00000317272,9606.ENSP00000384364,9606.ENSP00000385675,9606.ENSP00000420298,9606.ENSP00000471477,9606.ENSP00000499459	COMP,HGF,KIT,LEP,MET,NPY,IL6,CD200,FGF21,IL19
GO:0033993	Response to lipid	9	827	0.62	0.0218	9606.ENSP00000217386,9606.ENSP00000220809,9606.ENSP00000259206,9606.ENSP00000312652,9606.ENSP00000339477,9606.ENSP00000347714,9606.ENSP00000356694,9606.ENSP00000385675,9606.ENSP00000436607	OXT,PLAT,IL1RN,LEP,ICOSLG,FCAR,FASLG,IL6,ADM
GO:0046427	Positive regulation of receptor signaling pathway via JAK-STAT	3	45	1.41	0.0218	9606.ENSP00000288135,9606.ENSP00000312652,9606.ENSP00000385675	KIT,LEP,IL6
GO:0050918	Positive chemotaxis	3	46	1.4	0.0231	9606.ENSP00000222390,9606.ENSP00000317272,9606.ENSP00000451040	HGF,MET,PGF
GO:0002718	Regulation of cytokine production involved in immune response	4	120	1.11	0.0242	9606.ENSP00000288135,9606.ENSP00000375616,9606.ENSP00000385675,9606.ENSP00000387211	KIT,LILRB4,IL6,IL18R1
GO:0006925	Inflammatory cell apoptotic process	2	8	1.98	0.0242	9606.ENSP00000356694,9606.ENSP00000385675	FASLG,IL6
GO:0045906	Negative regulation of vasoconstriction	2	8	1.98	0.0242	9606.ENSP00000312652,9606.ENSP00000436607	LEP,ADM
GO:0045859	Regulation of protein kinase activity	8	663	0.67	0.0243	9606.ENSP00000222390,9606.ENSP00000256104,9606.ENSP00000275815,9606.ENSP00000276431,9606.ENSP00000288135,9606.ENSP00000312652,9606.ENSP00000375616,9606.ENSP00000404236	HGF,FABP4,EPHA1,TNFRSF10B,KIT,LEP,LILRB4,LILRA5
GO:0032715	Negative regulation of interleukin-6 production	3	48	1.38	0.0252	9606.ENSP00000222390,9606.ENSP00000375616,9606.ENSP00000420298	HGF,LILRB4,CD200
GO:0007399	Nervous system development	15	2188	0.42	0.0253	9606.ENSP00000002829,9606.ENSP00000221891,9606.ENSP00000248933,9606.ENSP00000275815,9606.ENSP00000294312,9606.ENSP00000312652,9606.ENSP00000317272,9606.ENSP00000330393,9606.ENSP00000333769,9606.ENSP00000352288,9606.ENSP00000366091,9606.ENSP00000384364,9606.ENSP00000385675,9606.ENSP00000414378,9606.ENSP00000436607	SEMA3F,APLP1,SEZ6L,EPHA1,FGF19,LEP,MET,LEPR,BSG,PLXNB2,MOG,NPY,IL6,EFNA4,ADM
GO:0043434	Response to peptide hormone	6	355	0.81	0.0259	9606.ENSP00000217386,9606.ENSP00000220809,9606.ENSP00000312652,9606.ENSP00000333769,9606.ENSP00000436607,9606.ENSP00000471477	OXT,PLAT,LEP,BSG,ADM,FGF21
GO:0002673	Regulation of acute inflammatory response	3	49	1.37	0.0261	9606.ENSP00000215781,9606.ENSP00000384364,9606.ENSP00000385675	OSM,NPY,IL6
GO:0002768	Immune response-regulating cell surface receptor signaling pathway	5	228	0.93	0.0261	9606.ENSP00000288135,9606.ENSP00000339477,9606.ENSP00000347714,9606.ENSP00000366091,9606.ENSP00000375616	KIT,ICOSLG,FCAR,MOG,LILRB4
GO:0045744	Negative regulation of G protein-coupled receptor signaling pathway	3	49	1.37	0.0261	9606.ENSP00000221891,9606.ENSP00000317272,9606.ENSP00000436607	APLP1,MET,ADM
GO:0014070	Response to organic cyclic compound	9	861	0.61	0.0269	9606.ENSP00000217386,9606.ENSP00000220809,9606.ENSP00000221891,9606.ENSP00000259206,9606.ENSP00000294312,9606.ENSP00000312652,9606.ENSP00000333769,9606.ENSP00000385675,9606.ENSP00000436607	OXT,PLAT,APLP1,IL1RN,FGF19,LEP,BSG,IL6,ADM
GO:0046850	Regulation of bone remodeling	3	50	1.37	0.0269	9606.ENSP00000312652,9606.ENSP00000330393,9606.ENSP00000385675	LEP,LEPR,IL6
GO:0048012	Hepatocyte growth factor receptor signaling pathway	2	9	1.93	0.0272	9606.ENSP00000222390,9606.ENSP00000317272	HGF,MET
GO:0007411	Axon guidance	5	232	0.92	0.0273	9606.ENSP00000002829,9606.ENSP00000275815,9606.ENSP00000333769,9606.ENSP00000352288,9606.ENSP00000414378	SEMA3F,EPHA1,BSG,PLXNB2,EFNA4
GO:0031348	Negative regulation of defense response	5	232	0.92	0.0273	9606.ENSP00000162749,9606.ENSP00000222390,9606.ENSP00000363869,9606.ENSP00000384364,9606.ENSP00000420298	TNFRSF1A,HGF,VSIG4,NPY,CD200
GO:0007409	Axonogenesis	6	363	0.81	0.0274	9606.ENSP00000002829,9606.ENSP00000221891,9606.ENSP00000275815,9606.ENSP00000333769,9606.ENSP00000352288,9606.ENSP00000414378	SEMA3F,APLP1,EPHA1,BSG,PLXNB2,EFNA4
GO:0002703	Regulation of leukocyte mediated immunity	5	239	0.91	0.0305	9606.ENSP00000288135,9606.ENSP00000312652,9606.ENSP00000375616,9606.ENSP00000385675,9606.ENSP00000387211	KIT,LEP,LILRB4,IL6,IL18R1
GO:0008343	Adult feeding behavior	2	10	1.89	0.0314	9606.ENSP00000312652,9606.ENSP00000384364	LEP,NPY
GO:0070092	Regulation of glucagon secretion	2	10	1.89	0.0314	9606.ENSP00000312652,9606.ENSP00000385675	LEP,IL6
GO:0051049	Regulation of transport	13	1763	0.45	0.0322	9606.ENSP00000162749,9606.ENSP00000215781,9606.ENSP00000217386,9606.ENSP00000294312,9606.ENSP00000312652,9606.ENSP00000330393,9606.ENSP00000333769,9606.ENSP00000356694,9606.ENSP00000367001,9606.ENSP00000385675,9606.ENSP00000404236,9606.ENSP00000420298,9606.ENSP00000471477	TNFRSF1A,OSM,OXT,FGF19,LEP,LEPR,BSG,FASLG,DPP6,IL6,LILRA5,CD200,FGF21
GO:0046324	Regulation of glucose import	3	55	1.32	0.0329	9606.ENSP00000294312,9606.ENSP00000312652,9606.ENSP00000471477	FGF19,LEP,FGF21
GO:0000902	Cell morphogenesis	8	708	0.64	0.0332	9606.ENSP00000002829,9606.ENSP00000221891,9606.ENSP00000222390,9606.ENSP00000275815,9606.ENSP00000317272,9606.ENSP00000333769,9606.ENSP00000352288,9606.ENSP00000414378	SEMA3F,APLP1,HGF,EPHA1,MET,BSG,PLXNB2,EFNA4
GO:1900015	Regulation of cytokine production involved in inflammatory response	3	56	1.32	0.0341	9606.ENSP00000312652,9606.ENSP00000375616,9606.ENSP00000385675	LEP,LILRB4,IL6
GO:0050900	Leukocyte migration	5	249	0.89	0.0350	9606.ENSP00000288135,9606.ENSP00000312652,9606.ENSP00000333769,9606.ENSP00000378118,9606.ENSP00000385675	KIT,LEP,BSG,CCL8,IL6
GO:0097529	Myeloid leukocyte migration	4	138	1.05	0.0350	9606.ENSP00000288135,9606.ENSP00000333769,9606.ENSP00000378118,9606.ENSP00000385675	KIT,BSG,CCL8,IL6
GO:1901700	Response to oxygen-containing compound	12	1547	0.48	0.0350	9606.ENSP00000217386,9606.ENSP00000220809,9606.ENSP00000221891,9606.ENSP00000294312,9606.ENSP00000312652,9606.ENSP00000333769,9606.ENSP00000339477,9606.ENSP00000347714,9606.ENSP00000356694,9606.ENSP00000385675,9606.ENSP00000436607,9606.ENSP00000471477	OXT,PLAT,APLP1,FGF19,LEP,BSG,ICOSLG,FCAR,FASLG,IL6,ADM,FGF21
GO:0033210	Leptin-mediated signaling pathway	2	11	1.85	0.0352	9606.ENSP00000312652,9606.ENSP00000330393	LEP,LEPR
GO:0097084	Vascular associated smooth muscle cell development	2	11	1.85	0.0352	9606.ENSP00000222271,9606.ENSP00000436607	COMP,ADM
GO:0120036	Plasma membrane bounded cell projection organization	10	1112	0.54	0.0353	9606.ENSP00000002829,9606.ENSP00000221891,9606.ENSP00000275815,9606.ENSP00000288135,9606.ENSP00000333769,9606.ENSP00000352288,9606.ENSP00000384364,9606.ENSP00000385675,9606.ENSP00000414378,9606.ENSP00000436607	SEMA3F,APLP1,EPHA1,KIT,BSG,PLXNB2,NPY,IL6,EFNA4,ADM
GO:0002444	Myeloid leukocyte mediated immunity	3	58	1.3	0.0363	9606.ENSP00000288135,9606.ENSP00000347714,9606.ENSP00000385675	KIT,FCAR,IL6
GO:0043030	Regulation of macrophage activation	3	58	1.3	0.0363	9606.ENSP00000363869,9606.ENSP00000385675,9606.ENSP00000420298	VSIG4,IL6,CD200
GO:0051094	Positive regulation of developmental process	11	1332	0.5	0.0363	9606.ENSP00000162749,9606.ENSP00000217386,9606.ENSP00000222390,9606.ENSP00000275815,9606.ENSP00000288135,9606.ENSP00000312652,9606.ENSP00000352288,9606.ENSP00000375616,9606.ENSP00000385675,9606.ENSP00000436607,9606.ENSP00000451040	TNFRSF1A,OXT,HGF,EPHA1,KIT,LEP,PLXNB2,LILRB4,IL6,ADM,PGF
GO:1903531	Negative regulation of secretion by cell	4	141	1.04	0.0363	9606.ENSP00000162749,9606.ENSP00000215781,9606.ENSP00000312652,9606.ENSP00000420298	TNFRSF1A,OSM,LEP,CD200
GO:0000904	Cell morphogenesis involved in differentiation	7	554	0.69	0.0382	9606.ENSP00000002829,9606.ENSP00000221891,9606.ENSP00000275815,9606.ENSP00000317272,9606.ENSP00000333769,9606.ENSP00000352288,9606.ENSP00000414378	SEMA3F,APLP1,EPHA1,MET,BSG,PLXNB2,EFNA4
GO:0044093	Positive regulation of molecular function	12	1587	0.47	0.0416	9606.ENSP00000275815,9606.ENSP00000276431,9606.ENSP00000288135,9606.ENSP00000312652,9606.ENSP00000317272,9606.ENSP00000356694,9606.ENSP00000378118,9606.ENSP00000385675,9606.ENSP00000387211,9606.ENSP00000404236,9606.ENSP00000420298,9606.ENSP00000471477	EPHA1,TNFRSF10B,KIT,LEP,MET,FASLG,CCL8,IL6,IL18R1,LILRA5,CD200,FGF21
GO:0050728	Negative regulation of inflammatory response	4	147	1.02	0.0416	9606.ENSP00000162749,9606.ENSP00000222390,9606.ENSP00000384364,9606.ENSP00000420298	TNFRSF1A,HGF,NPY,CD200
GO:1903530	Regulation of secretion by cell	7	564	0.68	0.0417	9606.ENSP00000162749,9606.ENSP00000215781,9606.ENSP00000217386,9606.ENSP00000312652,9606.ENSP00000333769,9606.ENSP00000385675,9606.ENSP00000420298	TNFRSF1A,OSM,OXT,LEP,BSG,IL6,CD200
GO:0030595	Leukocyte chemotaxis	4	149	1.02	0.0433	9606.ENSP00000288135,9606.ENSP00000333769,9606.ENSP00000378118,9606.ENSP00000385675	KIT,BSG,CCL8,IL6
GO:0019731	Antibacterial humoral response	3	64	1.26	0.0458	9606.ENSP00000243924,9606.ENSP00000384364,9606.ENSP00000436607	PI3,NPY,ADM
GO:0045087	Innate immune response	8	754	0.61	0.0458	9606.ENSP00000243924,9606.ENSP00000327824,9606.ENSP00000347714,9606.ENSP00000356694,9606.ENSP00000363869,9606.ENSP00000378118,9606.ENSP00000384364,9606.ENSP00000404236	PI3,IFNLR1,FCAR,FASLG,VSIG4,CCL8,NPY,LILRA5
GO:0032879	Regulation of localization	14	2103	0.41	0.0463	9606.ENSP00000162749,9606.ENSP00000215781,9606.ENSP00000217386,9606.ENSP00000294312,9606.ENSP00000312652,9606.ENSP00000330393,9606.ENSP00000333769,9606.ENSP00000356694,9606.ENSP00000367001,9606.ENSP00000375616,9606.ENSP00000385675,9606.ENSP00000404236,9606.ENSP00000420298,9606.ENSP00000471477	TNFRSF1A,OSM,OXT,FGF19,LEP,LEPR,BSG,FASLG,DPP6,LILRB4,IL6,LILRA5,CD200,FGF21
GO:0050790	Regulation of catalytic activity	15	2370	0.39	0.0477	9606.ENSP00000222390,9606.ENSP00000243924,9606.ENSP00000256104,9606.ENSP00000275815,9606.ENSP00000276431,9606.ENSP00000288135,9606.ENSP00000312652,9606.ENSP00000317272,9606.ENSP00000330393,9606.ENSP00000352288,9606.ENSP00000356694,9606.ENSP00000375616,9606.ENSP00000378118,9606.ENSP00000404236,9606.ENSP00000420298	HGF,PI3,FABP4,EPHA1,TNFRSF10B,KIT,LEP,MET,LEPR,PLXNB2,FASLG,LILRB4,CCL8,LILRA5,CD200
GO:0045916	Negative regulation of complement activation	2	14	1.74	0.0493	9606.ENSP00000363869,9606.ENSP00000498879	VSIG4,CD59
GO:1902287	Semaphorin-plexin signaling pathway involved in axon guidance	2	14	1.74	0.0493	9606.ENSP00000002829,9606.ENSP00000352288	SEMA3F,PLXNB2
GO:1904251	Regulation of bile acid metabolic process	2	14	1.74	0.0493	9606.ENSP00000288135,9606.ENSP00000294312	KIT,FGF19
GO:0051347	Positive regulation of transferase activity	7	586	0.66	0.0496	9606.ENSP00000275815,9606.ENSP00000276431,9606.ENSP00000288135,9606.ENSP00000312652,9606.ENSP00000317272,9606.ENSP00000404236,9606.ENSP00000420298	EPHA1,TNFRSF10B,KIT,LEP,MET,LILRA5,CD200
