#term ID	term description	observed gene count	background gene count	strength	false discovery rate	matching proteins in your network (IDs)	matching proteins in your network (labels)
hsa04060	Cytokine-cytokine receptor interaction	8	282	1.16	2.75e-05	9606.ENSP00000225474,9606.ENSP00000225831,9606.ENSP00000252809,9606.ENSP00000260950,9606.ENSP00000302234,9606.ENSP00000312652,9606.ENSP00000378365,9606.ENSP00000499459	CSF3,CCL2,GDF15,MSTN,CCL11,LEP,CCL26,IL19
hsa04061	Viral protein interaction with cytokine and cytokine receptor	4	96	1.32	0.0075	9606.ENSP00000225831,9606.ENSP00000302234,9606.ENSP00000378365,9606.ENSP00000499459	CCL2,CCL11,CCL26,IL19
hsa04933	AGE-RAGE signaling pathway in diabetic complications	4	96	1.32	0.0075	9606.ENSP00000225831,9606.ENSP00000364210,9606.ENSP00000368880,9606.ENSP00000500582	CCL2,AGER,FOXO1,AKT3
hsa04611	Platelet activation	4	122	1.22	0.0092	9606.ENSP00000308782,9606.ENSP00000321326,9606.ENSP00000356436,9606.ENSP00000500582	GP6,F2R,PLA2G4A,AKT3
hsa04630	JAK-STAT signaling pathway	4	158	1.11	0.0193	9606.ENSP00000225474,9606.ENSP00000312652,9606.ENSP00000499459,9606.ENSP00000500582	CSF3,LEP,IL19,AKT3
hsa04920	Adipocytokine signaling pathway	3	68	1.35	0.0208	9606.ENSP00000290953,9606.ENSP00000312652,9606.ENSP00000500582	AGRP,LEP,AKT3
hsa04062	Chemokine signaling pathway	4	186	1.04	0.0252	9606.ENSP00000225831,9606.ENSP00000302234,9606.ENSP00000378365,9606.ENSP00000500582	CCL2,CCL11,CCL26,AKT3
hsa04657	IL-17 signaling pathway	3	91	1.22	0.0355	9606.ENSP00000225474,9606.ENSP00000225831,9606.ENSP00000302234	CSF3,CCL2,CCL11
hsa05142	Chagas disease	3	97	1.19	0.0377	9606.ENSP00000225831,9606.ENSP00000479889,9606.ENSP00000500582	CCL2,IRAK4,AKT3
