#term ID	term description	observed gene count	background gene count	strength	false discovery rate	matching proteins in your network (IDs)	matching proteins in your network (labels)
GO:0005102	Signaling receptor binding	17	1499	0.76	5.08e-06	9606.ENSP00000225474,9606.ENSP00000225831,9606.ENSP00000252809,9606.ENSP00000260950,9606.ENSP00000261758,9606.ENSP00000269593,9606.ENSP00000290953,9606.ENSP00000302234,9606.ENSP00000311184,9606.ENSP00000312652,9606.ENSP00000321326,9606.ENSP00000324763,9606.ENSP00000366091,9606.ENSP00000378365,9606.ENSP00000418009,9606.ENSP00000479889,9606.ENSP00000499459	CSF3,CCL2,GDF15,MSTN,MESD,IGFBP4,AGRP,CCL11,WFIKKN2,LEP,F2R,WFIKKN1,MOG,CCL26,RARRES2,IRAK4,IL19
GO:0030545	Signaling receptor regulator activity	11	552	1.0	1.85e-05	9606.ENSP00000225474,9606.ENSP00000225831,9606.ENSP00000252809,9606.ENSP00000260950,9606.ENSP00000290953,9606.ENSP00000302234,9606.ENSP00000311184,9606.ENSP00000312652,9606.ENSP00000324763,9606.ENSP00000378365,9606.ENSP00000499459	CSF3,CCL2,GDF15,MSTN,AGRP,CCL11,WFIKKN2,LEP,WFIKKN1,CCL26,IL19
GO:0005125	Cytokine activity	7	234	1.18	0.00067	9606.ENSP00000225474,9606.ENSP00000225831,9606.ENSP00000252809,9606.ENSP00000260950,9606.ENSP00000302234,9606.ENSP00000378365,9606.ENSP00000499459	CSF3,CCL2,GDF15,MSTN,CCL11,CCL26,IL19
GO:0048018	Receptor ligand activity	9	499	0.96	0.00067	9606.ENSP00000225474,9606.ENSP00000225831,9606.ENSP00000252809,9606.ENSP00000260950,9606.ENSP00000290953,9606.ENSP00000302234,9606.ENSP00000312652,9606.ENSP00000378365,9606.ENSP00000499459	CSF3,CCL2,GDF15,MSTN,AGRP,CCL11,LEP,CCL26,IL19
GO:0005515	Protein binding	27	7242	0.27	0.0326	9606.ENSP00000225474,9606.ENSP00000225831,9606.ENSP00000252809,9606.ENSP00000260950,9606.ENSP00000261758,9606.ENSP00000265052,9606.ENSP00000269593,9606.ENSP00000290953,9606.ENSP00000301691,9606.ENSP00000302234,9606.ENSP00000308782,9606.ENSP00000311184,9606.ENSP00000312652,9606.ENSP00000312664,9606.ENSP00000321326,9606.ENSP00000324763,9606.ENSP00000360120,9606.ENSP00000361366,9606.ENSP00000362711,9606.ENSP00000364210,9606.ENSP00000366091,9606.ENSP00000368880,9606.ENSP00000378365,9606.ENSP00000418009,9606.ENSP00000451506,9606.ENSP00000479889,9606.ENSP00000499459	CSF3,CCL2,GDF15,MSTN,MESD,MGLL,IGFBP4,AGRP,SOST,CCL11,GP6,WFIKKN2,LEP,CASP2,F2R,WFIKKN1,ROR1,SFTPD,TXLNA,AGER,MOG,FOXO1,CCL26,RARRES2,TCL1A,IRAK4,IL19
GO:0098772	Molecular function regulator activity	13	1960	0.53	0.0451	9606.ENSP00000225474,9606.ENSP00000225831,9606.ENSP00000252809,9606.ENSP00000260950,9606.ENSP00000290953,9606.ENSP00000302234,9606.ENSP00000311184,9606.ENSP00000312652,9606.ENSP00000324763,9606.ENSP00000367001,9606.ENSP00000378365,9606.ENSP00000451506,9606.ENSP00000499459	CSF3,CCL2,GDF15,MSTN,AGRP,CCL11,WFIKKN2,LEP,WFIKKN1,DPP6,CCL26,TCL1A,IL19
GO:0031728	CCR3 chemokine receptor binding	2	5	2.31	0.0489	9606.ENSP00000302234,9606.ENSP00000378365	CCL11,CCL26
